,city,name,note,url,description,coord_lat,coord_lon
0,Nimes,à 10mn des arènes f2 au calme avec garage gratuit,"8,4",https://www.booking.com/hotel/fr/logement-tout-confort-avec-grand-garage-gratuit.fr.html?aid=304142&label=gen173nr-1FCAEoggI46AdIM1gEaE2IAQGYAQm4ARfIAQ_YAQHoAQH4AQOIAgGoAgO4AoOAhrcGwAIB0gIkZDU1ZjYwYzctM2QwZS00MGQ2LWFiNzMtNTAwMTg0ZTIxM2Rj2AIG4AIB&ucfs=1&arphpl=1&group_adults=2&req_adults=2&no_rooms=1&group_children=0&req_children=0&hpos=23&hapos=23&sr_order=popularity&srpvid=5c2a5142386a050d&srepoch=1726054405&from=searchresults,"Situé à Nîmes, en Occitanie, à proximité du parc des expositions, l'établissement à 10mn des arènes f2 au calme avec garage gratuit propose des hébergements avec connexion Wi-Fi et parking privé...",43.82838120,4.36336300
1,Nimes,Hotel Concorde,"6,9",https://www.booking.com/hotel/fr/concorde-nimes.fr.html?aid=304142&label=gen173nr-1FCAEoggI46AdIM1gEaE2IAQGYAQm4ARfIAQ_YAQHoAQH4AQOIAgGoAgO4AoOAhrcGwAIB0gIkZDU1ZjYwYzctM2QwZS00MGQ2LWFiNzMtNTAwMTg0ZTIxM2Rj2AIG4AIB&ucfs=1&arphpl=1&group_adults=2&req_adults=2&no_rooms=1&group_children=0&req_children=0&hpos=19&hapos=19&sr_order=popularity&srpvid=5c2a5142386a050d&srepoch=1726054405&from=searchresults,"Situé dans une rue piétonne du centre de Nîmes, l'Hôtel Concorde vous propose des chambres sobres dotées d'une connexion Wi-Fi gratuite. Les arènes antiques de Nîmes se trouvent à 200 mètres. ",43.83612815,4.36126995
2,Nimes,Studio Nîmes Centre,"8,2",https://www.booking.com/hotel/fr/studio-boucarie.fr.html?aid=304142&label=gen173nr-1FCAEoggI46AdIM1gEaE2IAQGYAQm4ARfIAQ_YAQHoAQH4AQOIAgGoAgO4AoOAhrcGwAIB0gIkZDU1ZjYwYzctM2QwZS00MGQ2LWFiNzMtNTAwMTg0ZTIxM2Rj2AIG4AIB&ucfs=1&arphpl=1&group_adults=2&req_adults=2&no_rooms=1&group_children=0&req_children=0&hpos=24&hapos=24&sr_order=popularity&srpvid=5c2a5142386a050d&srepoch=1726054405&from=searchresults,"Le Studio Nîmes Centre propose des hébergements à Nîmes, à 2,5 km du parc des expositions et à 200 mètres de la bibliothèque du Carré d'art. L'hôtel de ville de Nîmes se trouve à 400 mètres. ",43.83976280,4.35694199
3,Nimes,Appartement avec terrasse panoramique au coeur de Nîmes,"9,2",https://www.booking.com/hotel/fr/votre-terrasse-panoramique-au-coeur-de-nimes.fr.html?aid=304142&label=gen173nr-1FCAEoggI46AdIM1gEaE2IAQGYAQm4ARfIAQ_YAQHoAQH4AQOIAgGoAgO4AoOAhrcGwAIB0gIkZDU1ZjYwYzctM2QwZS00MGQ2LWFiNzMtNTAwMTg0ZTIxM2Rj2AIG4AIB&ucfs=1&arphpl=1&group_adults=2&req_adults=2&no_rooms=1&group_children=0&req_children=0&hpos=25&hapos=25&sr_order=popularity&srpvid=5c2a5142386a050d&srepoch=1726054405&from=searchresults,"Situé dans le centre de Nîmes, à 14 km du parc des expositions et à 33 km de l'amphithéâtre, l'Appartement avec terrasse panoramique au coeur de Nîmes propose une connexion Wi-Fi gratuite et la...",43.83677600,4.35801800
4,Nimes,ibis budget Nimes Centre Gare,"8,0",https://www.booking.com/hotel/fr/ibis-budget-nimes-centre-gare.fr.html?aid=304142&label=gen173nr-1FCAEoggI46AdIM1gEaE2IAQGYAQm4ARfIAQ_YAQHoAQH4AQOIAgGoAgO4AoOAhrcGwAIB0gIkZDU1ZjYwYzctM2QwZS00MGQ2LWFiNzMtNTAwMTg0ZTIxM2Rj2AIG4AIB&ucfs=1&arphpl=1&group_adults=2&req_adults=2&no_rooms=1&group_children=0&req_children=0&hpos=20&hapos=20&sr_order=popularity&srpvid=5c2a5142386a050d&srepoch=1726054405&from_sustainable_property_sr=1&from=searchresults,"Situé à seulement 50 mètres de la gare de Nîmes, l'ibis Budget Nîmes Centre Gare vous propose une réception ouverte 24h/24, une bagagerie et une connexion Wi-Fi gratuite dans l'ensemble de...",43.83205590,4.36736450
5,Nimes,Appartement des Carmes,"8,2",https://www.booking.com/hotel/fr/appartement-des-carmes.fr.html?aid=304142&label=gen173nr-1FCAEoggI46AdIM1gEaE2IAQGYAQm4ARfIAQ_YAQHoAQH4AQOIAgGoAgO4AoOAhrcGwAIB0gIkZDU1ZjYwYzctM2QwZS00MGQ2LWFiNzMtNTAwMTg0ZTIxM2Rj2AIG4AIB&ucfs=1&arphpl=1&group_adults=2&req_adults=2&no_rooms=1&group_children=0&req_children=0&hpos=21&hapos=21&sr_order=popularity&srpvid=5c2a5142386a050d&srepoch=1726054405&from=searchresults,"Doté d'une terrasse et offrant une vue sur la cour intérieure, l'Appartement des Carmes est situé à Nîmes, à 34 km de l'amphithéâtre d'Arles et à 43 km de la gare centrale d'Avignon. ",43.83944830,4.36691830
6,Nimes,Superbe T2 avec grande terrasse en centre ville à 5 min à pieds des Arènes de Nîmes,"9,2",https://www.booking.com/hotel/fr/superbe-t2-avec-grande-terrasse-en-centre-ville-a-5-min-a-pieds-des-arenes-de-ni.fr.html?aid=304142&label=gen173nr-1FCAEoggI46AdIM1gEaE2IAQGYAQm4ARfIAQ_YAQHoAQH4AQOIAgGoAgO4AoOAhrcGwAIB0gIkZDU1ZjYwYzctM2QwZS00MGQ2LWFiNzMtNTAwMTg0ZTIxM2Rj2AIG4AIB&ucfs=1&arphpl=1&group_adults=2&req_adults=2&no_rooms=1&group_children=0&req_children=0&hpos=18&hapos=18&sr_order=popularity&srpvid=5c2a5142386a050d&srepoch=1726054405&from=searchresults,"Situé à Nîmes, le Superbe T2 avec grande terrasse en centre ville à 5 min à pieds des Arènes de Nîmes propose un hébergement climatisé avec une terrasse. ",43.83068548,4.35859191
7,Nimes,Hôtel Abalone - Centre Gare,"7,3",https://www.booking.com/hotel/fr/hotelterminusaudrans.fr.html?aid=304142&label=gen173nr-1FCAEoggI46AdIM1gEaE2IAQGYAQm4ARfIAQ_YAQHoAQH4AQOIAgGoAgO4AoOAhrcGwAIB0gIkZDU1ZjYwYzctM2QwZS00MGQ2LWFiNzMtNTAwMTg0ZTIxM2Rj2AIG4AIB&ucfs=1&arphpl=1&group_adults=2&req_adults=2&no_rooms=1&group_children=0&req_children=0&hpos=22&hapos=22&sr_order=popularity&srpvid=5c2a5142386a050d&srepoch=1726054405&from=searchresults,"L'Hôtel Abalone - Centre Gare est situé à Nîmes, à moins de 13 km du parc des expositions et à 34 km de l'amphithéâtre d'Arles. ",43.83302730,4.36618969
8,Nimes,Authentique studio hypercentre - clim - wifi,"8,6",https://www.booking.com/hotel/fr/atlas-eco-plein-centre.fr.html?aid=304142&label=gen173nr-1FCAEoggI46AdIM1gEaE2IAQGYAQm4ARfIAQ_YAQHoAQH4AQOIAgGoAgO4AoOAhrcGwAIB0gIkZDU1ZjYwYzctM2QwZS00MGQ2LWFiNzMtNTAwMTg0ZTIxM2Rj2AIG4AIB&ucfs=1&arphpl=1&group_adults=2&req_adults=2&no_rooms=1&group_children=0&req_children=0&hpos=16&hapos=16&sr_order=popularity&srpvid=5c2a5142386a050d&srepoch=1726054405&from=searchresults,"Situé à 13 km du parc des expositions de Nîmes et à 35 km de l'amphithéâtre d'Arles, l'Authentique studio hypercentre - clim - wifi propose un hébergement au coeur de Nîmes. ",43.83915660,4.36010590
9,Nimes,La suite 2 pièces lit queen size entrée privée,10,https://www.booking.com/hotel/fr/la-suite-2-pieces-lit-queen-size-entree-privee-nimes.fr.html?aid=304142&label=gen173nr-1FCAEoggI46AdIM1gEaE2IAQGYAQm4ARfIAQ_YAQHoAQH4AQOIAgGoAgO4AoOAhrcGwAIB0gIkZDU1ZjYwYzctM2QwZS00MGQ2LWFiNzMtNTAwMTg0ZTIxM2Rj2AIG4AIB&ucfs=1&arphpl=1&group_adults=2&req_adults=2&no_rooms=1&group_children=0&req_children=0&hpos=14&hapos=14&sr_order=popularity&srpvid=5c2a5142386a050d&srepoch=1726054405&from=searchresults,"La suite 2 pièces lit queen size entrée privée est située à Nîmes, à 1,8 km du parc des expositions, à 32 km de l'amphithéâtre d'Arles et à 44 km de la gare centrale d'Avignon. ",43.82937410,4.36127570
10,Nimes,Rougetomette,"9,7",https://www.booking.com/hotel/fr/rougetomette-nimes123.fr.html?aid=304142&label=gen173nr-1FCAEoggI46AdIM1gEaE2IAQGYAQm4ARfIAQ_YAQHoAQH4AQOIAgGoAgO4AoOAhrcGwAIB0gIkZDU1ZjYwYzctM2QwZS00MGQ2LWFiNzMtNTAwMTg0ZTIxM2Rj2AIG4AIB&ucfs=1&arphpl=1&group_adults=2&req_adults=2&no_rooms=1&group_children=0&req_children=0&hpos=17&hapos=17&sr_order=popularity&srpvid=5c2a5142386a050d&srepoch=1726054405&from_sustainable_property_sr=1&from=searchresults,"Situé à Nîmes, le Rougetomette propose une connexion Wi-Fi gratuite, une terrasse bien exposée avec une piscine et un jardin. ",43.83003691,4.36611269
11,Nimes,Studio sur les toits du vieux Nîmes...,"8,9",https://www.booking.com/hotel/fr/studio-sur-les-toits-du-vieux-nimes.fr.html?aid=304142&label=gen173nr-1FCAEoggI46AdIM1gEaE2IAQGYAQm4ARfIAQ_YAQHoAQH4AQOIAgGoAgO4AoOAhrcGwAIB0gIkZDU1ZjYwYzctM2QwZS00MGQ2LWFiNzMtNTAwMTg0ZTIxM2Rj2AIG4AIB&ucfs=1&arphpl=1&group_adults=2&req_adults=2&no_rooms=1&group_children=0&req_children=0&hpos=13&hapos=13&sr_order=popularity&srpvid=5c2a5142386a050d&srepoch=1726054405&from=searchresults,"Situé dans le centre de Nîmes, à seulement 14 km du parc des expositions et à 33 km de l'amphithéâtre d'Arles, le Studio sur les toits du vieux Nîmes... ",43.83568630,4.35851010
12,Nimes,"Chez Frida, Escapade nîmoise","9,2",https://www.booking.com/hotel/fr/chez-frida-escapade-nimoise.fr.html?aid=304142&label=gen173nr-1FCAEoggI46AdIM1gEaE2IAQGYAQm4ARfIAQ_YAQHoAQH4AQOIAgGoAgO4AoOAhrcGwAIB0gIkZDU1ZjYwYzctM2QwZS00MGQ2LWFiNzMtNTAwMTg0ZTIxM2Rj2AIG4AIB&ucfs=1&arphpl=1&group_adults=2&req_adults=2&no_rooms=1&group_children=0&req_children=0&hpos=11&hapos=11&sr_order=popularity&srpvid=5c2a5142386a050d&srepoch=1726054405&from=searchresults,"Situé dans le centre de Nîmes, à seulement 14 km du parc des expositions et à 34 km de l'amphithéâtre d'Arles, l'établissement Chez Frida, Escapade nîmoise propose un hébergement avec vue sur la cour...",43.83644960,4.35191680
13,Nimes,Appart sympa dans le vieux Nimes,"8,7",https://www.booking.com/hotel/fr/6-rue-saint-antoine.fr.html?aid=304142&label=gen173nr-1FCAEoggI46AdIM1gEaE2IAQGYAQm4ARfIAQ_YAQHoAQH4AQOIAgGoAgO4AoOAhrcGwAIB0gIkZDU1ZjYwYzctM2QwZS00MGQ2LWFiNzMtNTAwMTg0ZTIxM2Rj2AIG4AIB&ucfs=1&arphpl=1&group_adults=2&req_adults=2&no_rooms=1&group_children=0&req_children=0&hpos=10&hapos=10&sr_order=popularity&srpvid=5c2a5142386a050d&srepoch=1726054405&from=searchresults,"L'Appart sympa dans le vieux Nîmes est un appartement récemment rénové situé dans le centre de Nîmes, à 14 km du parc des expositions et à 33 km de l'amphithéâtre d'Arles. ",43.83546976,4.35853331
14,Nimes,ibis Styles Nimes Gare Centre,"8,3",https://www.booking.com/hotel/fr/ibis-styles-nimes-centre-gare.fr.html?aid=304142&label=gen173nr-1FCAEoggI46AdIM1gEaE2IAQGYAQm4ARfIAQ_YAQHoAQH4AQOIAgGoAgO4AoOAhrcGwAIB0gIkZDU1ZjYwYzctM2QwZS00MGQ2LWFiNzMtNTAwMTg0ZTIxM2Rj2AIG4AIB&ucfs=1&arphpl=1&group_adults=2&req_adults=2&no_rooms=1&group_children=0&req_children=0&hpos=15&hapos=15&sr_order=popularity&srpvid=5c2a5142386a050d&srepoch=1726054405&from_sustainable_property_sr=1&from=searchresults,,43.83175755,4.36697356
15,Nimes,Royal Hôtel,"8,3",https://www.booking.com/hotel/fr/royal.fr.html?aid=304142&label=gen173nr-1FCAEoggI46AdIM1gEaE2IAQGYAQm4ARfIAQ_YAQHoAQH4AQOIAgGoAgO4AoOAhrcGwAIB0gIkZDU1ZjYwYzctM2QwZS00MGQ2LWFiNzMtNTAwMTg0ZTIxM2Rj2AIG4AIB&ucfs=1&arphpl=1&group_adults=2&req_adults=2&no_rooms=1&group_children=0&req_children=0&hpos=12&hapos=12&sr_order=popularity&srpvid=5c2a5142386a050d&srepoch=1726054405&from_sustainable_property_sr=1&from=searchresults,"Situé au coeur de Nîmes, le Royal Hôtel dispose d'un restaurant sur place, La Bodéguita, qui s'ouvre sur la place Assas. ",43.83881510,4.35481846
16,Bormes les Mimosas,Studio avec Jardin et Parking Privés,"8,6",https://www.booking.com/hotel/fr/217-rue-des-iris.fr.html?aid=304142&label=gen173nr-1FCAEoggI46AdIM1gEaE2IAQGYAQm4ARfIAQ_YAQHoAQH4AQOIAgGoAgO4AoOAhrcGwAIB0gIkZDU1ZjYwYzctM2QwZS00MGQ2LWFiNzMtNTAwMTg0ZTIxM2Rj2AIG4AIB&ucfs=1&arphpl=1&group_adults=2&req_adults=2&no_rooms=1&group_children=0&req_children=0&hpos=24&hapos=24&sr_order=popularity&srpvid=29f4514253d60081&srepoch=1726054405&from=searchresults,"Situé à Bormes-les-Mimosas, à seulement 32 km du château de Grimaud, le Studio avec Jardin et Parking Privés propose un hébergement avec vue sur la rue calme, connexion Wi-Fi et parking privé...",43.14036330,6.33671490
17,Bormes les Mimosas,maison de vacances Médiévale Bormes-les-Mimosas village,"8,6",https://www.booking.com/hotel/fr/maison-vacance-medievale-bormes-les-mimosas-village.fr.html?aid=304142&label=gen173nr-1FCAEoggI46AdIM1gEaE2IAQGYAQm4ARfIAQ_YAQHoAQH4AQOIAgGoAgO4AoOAhrcGwAIB0gIkZDU1ZjYwYzctM2QwZS00MGQ2LWFiNzMtNTAwMTg0ZTIxM2Rj2AIG4AIB&ucfs=1&arphpl=1&group_adults=2&req_adults=2&no_rooms=1&group_children=0&req_children=0&hpos=25&hapos=25&sr_order=popularity&srpvid=29f4514253d60081&srepoch=1726054405&from=searchresults,"Située à Bormes-les-Mimosas, la maison de vacances Médiévale Bormes-les-Mimosas village propose un restaurant, une vue sur la ville et une connexion Wi-Fi gratuite. ",43.15042979,6.34254605
18,Bormes les Mimosas,"Calme, Piscine - Appartement Milady's Garden","9,0",https://www.booking.com/hotel/fr/calme-piscine-appartement-miladys-garden.fr.html?aid=304142&label=gen173nr-1FCAEoggI46AdIM1gEaE2IAQGYAQm4ARfIAQ_YAQHoAQH4AQOIAgGoAgO4AoOAhrcGwAIB0gIkZDU1ZjYwYzctM2QwZS00MGQ2LWFiNzMtNTAwMTg0ZTIxM2Rj2AIG4AIB&ucfs=1&arphpl=1&group_adults=2&req_adults=2&no_rooms=1&group_children=0&req_children=0&hpos=21&hapos=21&sr_order=popularity&srpvid=29f4514253d60081&srepoch=1726054405&from=searchresults,"Situé à Bormes-les-Mimosas, le Calme, Piscine - Appartement Milady's Garden propose un hébergement climatisé avec une piscine privée. ",43.14529400,6.33369000
19,Bormes les Mimosas,HomeStay Bormes,"9,5",https://www.booking.com/hotel/fr/homestay-bormes-bormes-les-mimosas.fr.html?aid=304142&label=gen173nr-1FCAEoggI46AdIM1gEaE2IAQGYAQm4ARfIAQ_YAQHoAQH4AQOIAgGoAgO4AoOAhrcGwAIB0gIkZDU1ZjYwYzctM2QwZS00MGQ2LWFiNzMtNTAwMTg0ZTIxM2Rj2AIG4AIB&ucfs=1&arphpl=1&group_adults=2&req_adults=2&no_rooms=1&group_children=0&req_children=0&hpos=23&hapos=23&sr_order=popularity&srpvid=29f4514253d60081&srepoch=1726054405&from=searchresults,"Offrant une vue sur la montagne, le HomeStay Bormes est situé à Bormes-les-Mimosas. Il propose une piscine extérieure ouverte en saison, un jardin, une terrasse, un bar et un barbecue. ",43.14644500,6.32772400
20,Bormes les Mimosas,Studio lumineux - rue du Corsaire,"9,5",https://www.booking.com/hotel/fr/studio-lumineux-rue-du-corsaire.fr.html?aid=304142&label=gen173nr-1FCAEoggI46AdIM1gEaE2IAQGYAQm4ARfIAQ_YAQHoAQH4AQOIAgGoAgO4AoOAhrcGwAIB0gIkZDU1ZjYwYzctM2QwZS00MGQ2LWFiNzMtNTAwMTg0ZTIxM2Rj2AIG4AIB&ucfs=1&arphpl=1&group_adults=2&req_adults=2&no_rooms=1&group_children=0&req_children=0&hpos=20&hapos=20&sr_order=popularity&srpvid=29f4514253d60081&srepoch=1726054405&from=searchresults,"Situated in Bormes-les-Mimosas, 29 km from Chateau de Grimaud and 29 km from Le Pont des Fées, Studio lumineux - rue du Corsaire features air-conditioned accommodation with a balcony and free WiFi. ",43.15103203,6.34226151
21,Bormes les Mimosas,Le petit atelier,"9,0",https://www.booking.com/hotel/fr/le-petit-atelier-bormes-les-mimosas1234567891011121314151617.fr.html?aid=304142&label=gen173nr-1FCAEoggI46AdIM1gEaE2IAQGYAQm4ARfIAQ_YAQHoAQH4AQOIAgGoAgO4AoOAhrcGwAIB0gIkZDU1ZjYwYzctM2QwZS00MGQ2LWFiNzMtNTAwMTg0ZTIxM2Rj2AIG4AIB&ucfs=1&arphpl=1&group_adults=2&req_adults=2&no_rooms=1&group_children=0&req_children=0&hpos=19&hapos=19&sr_order=popularity&srpvid=29f4514253d60081&srepoch=1726054405&from_sustainable_property_sr=1&from=searchresults,"Situé à Bormes-les-Mimosas, à 2,8 km de la plage de l'Anglade, l'établissement Le petit atelier propose un jacuzzi et des services de beauté. ",43.14250100,6.34917880
22,Bormes les Mimosas,Superbe T2 4 étoiles climatisé Favière refait à neuf,,https://www.booking.com/hotel/fr/superbe-t2-4-etoiles-climatise-faviere-refait-a-neuf.fr.html?aid=304142&label=gen173nr-1FCAEoggI46AdIM1gEaE2IAQGYAQm4ARfIAQ_YAQHoAQH4AQOIAgGoAgO4AoOAhrcGwAIB0gIkZDU1ZjYwYzctM2QwZS00MGQ2LWFiNzMtNTAwMTg0ZTIxM2Rj2AIG4AIB&ucfs=1&arphpl=1&group_adults=2&req_adults=2&no_rooms=1&group_children=0&req_children=0&hpos=22&hapos=22&sr_order=popularity&srpvid=29f4514253d60081&srepoch=1726054405&from=searchresults,"Situé à Bormes-les-Mimosas, à moins de 300 mètres de la Faviere et à 600 mètres de la plage de l'Anglade, le Superbe T2 4 étoiles climatisé Favière refait à neuf propose un hébergement avec une...",43.12384850,6.35986230
23,Bormes les Mimosas,Superbe Duplex 35m2 vue mer avec piscine,"8,4",https://www.booking.com/hotel/fr/voir-les-photos-presentationemplacementcommentairesl-39-hote-2-pieces-35m2-borme.fr.html?aid=304142&label=gen173nr-1FCAEoggI46AdIM1gEaE2IAQGYAQm4ARfIAQ_YAQHoAQH4AQOIAgGoAgO4AoOAhrcGwAIB0gIkZDU1ZjYwYzctM2QwZS00MGQ2LWFiNzMtNTAwMTg0ZTIxM2Rj2AIG4AIB&ucfs=1&arphpl=1&group_adults=2&req_adults=2&no_rooms=1&group_children=0&req_children=0&hpos=18&hapos=18&sr_order=popularity&srpvid=29f4514253d60081&srepoch=1726054405&from=searchresults,"Situé à Bormes-les-Mimosas, à 2,7 km de la plage de l'Anglade et à 2,8 km de celle de la Pointe de Gouron, le Superbe Duplex 35m2 vue mer avec piscine propose des chambres climatisées avec salle de...",43.14312170,6.35213980
24,Bormes les Mimosas,Bright 29m with nice view in Bormes-les-mimosas,"7,9",https://www.booking.com/hotel/fr/bright-29m-with-nice-view-in-bormes-les-mimosas.fr.html?aid=304142&label=gen173nr-1FCAEoggI46AdIM1gEaE2IAQGYAQm4ARfIAQ_YAQHoAQH4AQOIAgGoAgO4AoOAhrcGwAIB0gIkZDU1ZjYwYzctM2QwZS00MGQ2LWFiNzMtNTAwMTg0ZTIxM2Rj2AIG4AIB&ucfs=1&arphpl=1&group_adults=2&req_adults=2&no_rooms=1&group_children=0&req_children=0&hpos=17&hapos=17&sr_order=popularity&srpvid=29f4514253d60081&srepoch=1726054405&from=searchresults,"Offrant une vue sur la ville, le Bright 29m with nice view in Bormes-les-mimosas est un hébergement situé à Bormes-les-Mimosas, à 29 km du Pont des Fées et à 39 km de la gare de Toulon. ",43.15153200,6.34192200
25,Bormes les Mimosas,Les Terrasses de Lô,"9,5",https://www.booking.com/hotel/fr/les-terrasses-de-lo.fr.html?aid=304142&label=gen173nr-1FCAEoggI46AdIM1gEaE2IAQGYAQm4ARfIAQ_YAQHoAQH4AQOIAgGoAgO4AoOAhrcGwAIB0gIkZDU1ZjYwYzctM2QwZS00MGQ2LWFiNzMtNTAwMTg0ZTIxM2Rj2AIG4AIB&ucfs=1&arphpl=1&group_adults=2&req_adults=2&no_rooms=1&group_children=0&req_children=0&hpos=16&hapos=16&sr_order=popularity&srpvid=29f4514253d60081&srepoch=1726054405&from_sustainable_property_sr=1&from=searchresults,"Doté d'une baignoire en plein air et offrant une vue sur la montagne, l'établissement Les Terrasses de Lô est un Bed & Breakfast récemment rénové situé à Bormes-les-Mimosas, à 2,7 km de la plage de...",43.14388500,6.35353600
26,Bormes les Mimosas,Hotel Restaurant Bellevue,"7,4",https://www.booking.com/hotel/fr/restaurant-bellevue.fr.html?aid=304142&label=gen173nr-1FCAEoggI46AdIM1gEaE2IAQGYAQm4ARfIAQ_YAQHoAQH4AQOIAgGoAgO4AoOAhrcGwAIB0gIkZDU1ZjYwYzctM2QwZS00MGQ2LWFiNzMtNTAwMTg0ZTIxM2Rj2AIG4AIB&ucfs=1&arphpl=1&group_adults=2&req_adults=2&no_rooms=1&group_children=0&req_children=0&hpos=15&hapos=15&sr_order=popularity&srpvid=29f4514253d60081&srepoch=1726054405&from=searchresults,"Situé dans le centre-ville de Bormes-les-Mimosas, l'Hotel Restaurant Bellevue possède un restaurant servant des produits frais et locaux, un bar et une terrasse se trouvant en face de l'établissement....",43.15187759,6.34313598
27,Bormes les Mimosas,Studio climatisé avec une place de parking et classé 2 étoiles à la Faviére,"9,2",https://www.booking.com/hotel/fr/studio-cosy-climatise-place-de-parking-a-la-faviere.fr.html?aid=304142&label=gen173nr-1FCAEoggI46AdIM1gEaE2IAQGYAQm4ARfIAQ_YAQHoAQH4AQOIAgGoAgO4AoOAhrcGwAIB0gIkZDU1ZjYwYzctM2QwZS00MGQ2LWFiNzMtNTAwMTg0ZTIxM2Rj2AIG4AIB&ucfs=1&arphpl=1&group_adults=2&req_adults=2&no_rooms=1&group_children=0&req_children=0&hpos=14&hapos=14&sr_order=popularity&srpvid=29f4514253d60081&srepoch=1726054405&from=searchresults,"Situé à Bormes-les-Mimosas, en Provence-Alpes-Côte d'Azur, à proximité de la Faviere et de la plage de l'Anglade, le Studio climatisé avec une place de parking et classé 2 étoiles à la Faviére propose...",43.12282480,6.35686020
28,Bormes les Mimosas,La Recampado,"9,6",https://www.booking.com/hotel/fr/la-recampado-bormes-les-mimosas.fr.html?aid=304142&label=gen173nr-1FCAEoggI46AdIM1gEaE2IAQGYAQm4ARfIAQ_YAQHoAQH4AQOIAgGoAgO4AoOAhrcGwAIB0gIkZDU1ZjYwYzctM2QwZS00MGQ2LWFiNzMtNTAwMTg0ZTIxM2Rj2AIG4AIB&ucfs=1&arphpl=1&group_adults=2&req_adults=2&no_rooms=1&group_children=0&req_children=0&hpos=13&hapos=13&sr_order=popularity&srpvid=29f4514253d60081&srepoch=1726054405&from=searchresults,"Situé à Bormes-les-Mimosas, à 29 km du château de Grimaud et du Pont des Fées, l'établissement La Recampado propose des hébergements avec une connexion Wi-Fi gratuite et une télévision à écran plat. ",43.15097100,6.34211700
29,Bormes les Mimosas,FACE MER ENTRE PLAGE ET MARINA,"8,7",https://www.booking.com/hotel/fr/face-mer-entre-plage-et-marina.fr.html?aid=304142&label=gen173nr-1FCAEoggI46AdIM1gEaE2IAQGYAQm4ARfIAQ_YAQHoAQH4AQOIAgGoAgO4AoOAhrcGwAIB0gIkZDU1ZjYwYzctM2QwZS00MGQ2LWFiNzMtNTAwMTg0ZTIxM2Rj2AIG4AIB&ucfs=1&arphpl=1&group_adults=2&req_adults=2&no_rooms=1&group_children=0&req_children=0&hpos=10&hapos=10&sr_order=popularity&srpvid=29f4514253d60081&srepoch=1726054405&from=searchresults,"Situé à Bormes-les-Mimosas, le FACE MER ENTRE PLAGE ET MARINA propose un hébergement avec une piscine privée et une vue sur la mer. ",43.12135899,6.36352754
30,Bormes les Mimosas,Appartement pieds dans l'eau Vue Mer Bormes Les Mimosas,"9,2",https://www.booking.com/hotel/fr/appartement-pieds-dans-l-eau-vue-mer-bormes-les-mimosas.fr.html?aid=304142&label=gen173nr-1FCAEoggI46AdIM1gEaE2IAQGYAQm4ARfIAQ_YAQHoAQH4AQOIAgGoAgO4AoOAhrcGwAIB0gIkZDU1ZjYwYzctM2QwZS00MGQ2LWFiNzMtNTAwMTg0ZTIxM2Rj2AIG4AIB&ucfs=1&arphpl=1&group_adults=2&req_adults=2&no_rooms=1&group_children=0&req_children=0&hpos=12&hapos=12&sr_order=popularity&srpvid=29f4514253d60081&srepoch=1726054405&from=searchresults,"Offrant une vue sur la mer, l'Appartement pieds dans l'eau Vue Mer Bormes Les Mimosas est un hébergement situé à Bormes-les-Mimosas, à 90 mètres de la Faviere et à 700 mètres de la plage de la Pointe...",43.12215305,6.35946358
31,Bormes les Mimosas,Hotel La Voile,"8,6",https://www.booking.com/hotel/fr/hotel-la-voile-fr.fr.html?aid=304142&label=gen173nr-1FCAEoggI46AdIM1gEaE2IAQGYAQm4ARfIAQ_YAQHoAQH4AQOIAgGoAgO4AoOAhrcGwAIB0gIkZDU1ZjYwYzctM2QwZS00MGQ2LWFiNzMtNTAwMTg0ZTIxM2Rj2AIG4AIB&ucfs=1&arphpl=1&group_adults=2&req_adults=2&no_rooms=1&group_children=0&req_children=0&hpos=11&hapos=11&sr_order=popularity&srpvid=29f4514253d60081&srepoch=1726054405&from_sustainable_property_sr=1&from=searchresults,"L'Hotel La Voile est idéalement situé à seulement 400 mètres des plages et du port de Bormes, dans un environnement calme et paisible à proximité du village de La Favière. ",43.12549000,6.35730000
32,Bormes les Mimosas,Village Vacances La Manne,"7,2",https://www.booking.com/hotel/fr/village-vacances-la-manne.fr.html?aid=304142&label=gen173nr-1FCAEoggI46AdIM1gEaE2IAQGYAQm4ARfIAQ_YAQHoAQH4AQOIAgGoAgO4AoOAhrcGwAIB0gIkZDU1ZjYwYzctM2QwZS00MGQ2LWFiNzMtNTAwMTg0ZTIxM2Rj2AIG4AIB&ucfs=1&arphpl=1&group_adults=2&req_adults=2&no_rooms=1&group_children=0&req_children=0&hpos=9&hapos=9&sr_order=popularity&srpvid=29f4514253d60081&srepoch=1726054405&from=searchresults,"Situé à seulement 33 km du château de Grimaud, Situé à Bormes-les-Mimosas, le Village Vacances La Manne propose une piscine extérieure ouverte en saison, un jardin et un service de navette gratuit. ",43.13043806,6.33633699
33,Bormes les Mimosas,Studio cabine Les Rives de la Favière piscine et tennis les pieds dans l'eau,"7,9",https://www.booking.com/hotel/fr/studio-cabine-les-rives-de-la-faviere.fr.html?aid=304142&label=gen173nr-1FCAEoggI46AdIM1gEaE2IAQGYAQm4ARfIAQ_YAQHoAQH4AQOIAgGoAgO4AoOAhrcGwAIB0gIkZDU1ZjYwYzctM2QwZS00MGQ2LWFiNzMtNTAwMTg0ZTIxM2Rj2AIG4AIB&ucfs=1&arphpl=1&group_adults=2&req_adults=2&no_rooms=1&group_children=0&req_children=0&hpos=8&hapos=8&sr_order=popularity&srpvid=29f4514253d60081&srepoch=1726054405&from=searchresults,"Situé à seulement 1,2 km de la plage de la Pointe de Gouron, le Studio cabine Les Rives de la Favière piscine Situé à Bormes-les-Mimosas, l'établissement et tennis les pieds dans l'eau dispose d'une...",43.12089210,6.35788730
34,Bormes les Mimosas,Bormes - Le Loft,"8,9",https://www.booking.com/hotel/fr/bormes-le-loft.fr.html?aid=304142&label=gen173nr-1FCAEoggI46AdIM1gEaE2IAQGYAQm4ARfIAQ_YAQHoAQH4AQOIAgGoAgO4AoOAhrcGwAIB0gIkZDU1ZjYwYzctM2QwZS00MGQ2LWFiNzMtNTAwMTg0ZTIxM2Rj2AIG4AIB&ucfs=1&arphpl=1&group_adults=2&req_adults=2&no_rooms=1&group_children=0&req_children=0&hpos=7&hapos=7&sr_order=popularity&srpvid=29f4514253d60081&srepoch=1726054405&from_sustainable_property_sr=1&from=searchresults,"Offrant une vue sur la ville, le Bormes - Le Loft est un hébergement situé à Bormes-les-Mimosas, à 33 km du Pont des Fées et à 39 km de la gare de Toulon. ",43.15075330,6.34065830
35,Bormes les Mimosas,Mer et soleil,"8,4",https://www.booking.com/hotel/fr/mer-et-soleil-bormes-les-mimosas.fr.html?aid=304142&label=gen173nr-1FCAEoggI46AdIM1gEaE2IAQGYAQm4ARfIAQ_YAQHoAQH4AQOIAgGoAgO4AoOAhrcGwAIB0gIkZDU1ZjYwYzctM2QwZS00MGQ2LWFiNzMtNTAwMTg0ZTIxM2Rj2AIG4AIB&ucfs=1&arphpl=1&group_adults=2&req_adults=2&no_rooms=1&group_children=0&req_children=0&hpos=6&hapos=6&sr_order=popularity&srpvid=29f4514253d60081&srepoch=1726054405&from=searchresults,"Situé à Bormes-les-Mimosas, à 1,6 km de la plage de la Pointe de Gouron et de celle de l'Anglade, le Mer et soleil dispose d'une terrasse et de la climatisation. ",43.12559147,6.35555415
36,Bormes les Mimosas,Hôtel Paradis,"8,5",https://www.booking.com/hotel/fr/paradis.fr.html?aid=304142&label=gen173nr-1FCAEoggI46AdIM1gEaE2IAQGYAQm4ARfIAQ_YAQHoAQH4AQOIAgGoAgO4AoOAhrcGwAIB0gIkZDU1ZjYwYzctM2QwZS00MGQ2LWFiNzMtNTAwMTg0ZTIxM2Rj2AIG4AIB&ucfs=1&arphpl=1&group_adults=2&req_adults=2&no_rooms=1&group_children=0&req_children=0&hpos=5&hapos=5&sr_order=popularity&srpvid=29f4514253d60081&srepoch=1726054405&from_sustainable_property_sr=1&from=searchresults,L'hôtel Paradis occupe un bâtiment datant de 1920 et bénéficie d'un jardin luxuriant. Il offre une vue panoramique sur la mer et le vieux village de Bormes. ,43.14468600,6.33512500
37,Bormes les Mimosas,Cosy studio - Place du Figuier,"9,7",https://www.booking.com/hotel/fr/studio-figuier-bormes-les-mimosas.fr.html?aid=304142&label=gen173nr-1FCAEoggI46AdIM1gEaE2IAQGYAQm4ARfIAQ_YAQHoAQH4AQOIAgGoAgO4AoOAhrcGwAIB0gIkZDU1ZjYwYzctM2QwZS00MGQ2LWFiNzMtNTAwMTg0ZTIxM2Rj2AIG4AIB&ucfs=1&arphpl=1&group_adults=2&req_adults=2&no_rooms=1&group_children=0&req_children=0&hpos=4&hapos=4&sr_order=popularity&srpvid=29f4514253d60081&srepoch=1726054405&from=searchresults,"Set in Bormes-les-Mimosas, 29 km from Chateau de Grimaud and 29 km from Le Pont des Fées, Cosy studio - Place du Figuier offers air-conditioned accommodation with a terrace and free WiFi. ",43.15145512,6.34296830
38,Bormes les Mimosas,Bel appartement classé 3 étoiles,"9,6",https://www.booking.com/hotel/fr/joli-2-pieces-avec-parking-gratuit-sur-place.fr.html?aid=304142&label=gen173nr-1FCAEoggI46AdIM1gEaE2IAQGYAQm4ARfIAQ_YAQHoAQH4AQOIAgGoAgO4AoOAhrcGwAIB0gIkZDU1ZjYwYzctM2QwZS00MGQ2LWFiNzMtNTAwMTg0ZTIxM2Rj2AIG4AIB&ucfs=1&arphpl=1&group_adults=2&req_adults=2&no_rooms=1&group_children=0&req_children=0&hpos=3&hapos=3&sr_order=popularity&srpvid=29f4514253d60081&srepoch=1726054405&from=searchresults,"Offrant une vue paisible sur la rue, le Bel appartement classé 3 étoiles est un hébergement situé à Bormes-les-Mimosas, à 37 km de la gare de Toulon et à 38 km du Zénith Oméga Toulon. ",43.14398290,6.33727200
39,Collioure,SAPHIR - Vue Mer et Montagne - WIFI FIBRE- PISCINE et GARAGE Privé,"9,1",https://www.booking.com/hotel/fr/saphir-collioure1.fr.html?aid=304142&label=gen173nr-1FCAEoggI46AdIM1gEaE2IAQGYAQm4ARfIAQ_YAQHoAQH4AQOIAgGoAgO4AoOAhrcGwAIB0gIkZDU1ZjYwYzctM2QwZS00MGQ2LWFiNzMtNTAwMTg0ZTIxM2Rj2AIG4AIB&ucfs=1&arphpl=1&group_adults=2&req_adults=2&no_rooms=1&group_children=0&req_children=0&hpos=25&hapos=25&sr_order=popularity&srpvid=f67a5142d98901c5&srepoch=1726054405&from=searchresults,"Situé à Collioure, à seulement 1,4 km de la plage d'Ouille, le SAPHIR - Vue Mer et Montagne - WIFI FIBRE- PISCINE et GARAGE Privé propose un hébergement avec vue sur la montagne, connexion Wi-Fi et...",42.52685322,3.07479878
40,Bormes les Mimosas,Camping Clau Mar Jo,"7,9",https://www.booking.com/hotel/fr/cmaping-clau-mar-jo.fr.html?aid=304142&label=gen173nr-1FCAEoggI46AdIM1gEaE2IAQGYAQm4ARfIAQ_YAQHoAQH4AQOIAgGoAgO4AoOAhrcGwAIB0gIkZDU1ZjYwYzctM2QwZS00MGQ2LWFiNzMtNTAwMTg0ZTIxM2Rj2AIG4AIB&ucfs=1&arphpl=1&group_adults=2&req_adults=2&no_rooms=1&group_children=0&req_children=0&hpos=2&hapos=2&sr_order=popularity&srpvid=29f4514253d60081&srepoch=1726054405&from=searchresults,"Situé à Bormes-les-Mimosas, en région Provence-Alpes-Côte d'Azur, à 2 km de la mer Méditerranée, le Camping Clau Mar Jo met à votre disposition une connexion Wi-Fi payante dans l'ensemble de ses...",43.13461923,6.34677574
41,Collioure,Le Petit Colliourenc,"9,1",https://www.booking.com/hotel/fr/le-petit-colliourenc.fr.html?aid=304142&label=gen173nr-1FCAEoggI46AdIM1gEaE2IAQGYAQm4ARfIAQ_YAQHoAQH4AQOIAgGoAgO4AoOAhrcGwAIB0gIkZDU1ZjYwYzctM2QwZS00MGQ2LWFiNzMtNTAwMTg0ZTIxM2Rj2AIG4AIB&ucfs=1&arphpl=1&group_adults=2&req_adults=2&no_rooms=1&group_children=0&req_children=0&hpos=24&hapos=24&sr_order=popularity&srpvid=f67a5142d98901c5&srepoch=1726054405&from=searchresults,"Le Petit Colliourenc est situé à Collioure, à 1,2 km de la plage de Port Avall, à 1,3 km de la plage d'Ouille et à 1,1 km du château royal de Collioure. ",42.52612488,3.07560664
42,Collioure,Résidence Port d'Avall - Piscine Parking Clim - 200 m plage - 4 pers - 2 chambres,"8,9",https://www.booking.com/hotel/fr/t3-4-pers-2-chambres-tout-confort-100-m-plage-parking-piscine-calme.fr.html?aid=304142&label=gen173nr-1FCAEoggI46AdIM1gEaE2IAQGYAQm4ARfIAQ_YAQHoAQH4AQOIAgGoAgO4AoOAhrcGwAIB0gIkZDU1ZjYwYzctM2QwZS00MGQ2LWFiNzMtNTAwMTg0ZTIxM2Rj2AIG4AIB&ucfs=1&arphpl=1&group_adults=2&req_adults=2&no_rooms=1&group_children=0&req_children=0&hpos=22&hapos=22&sr_order=popularity&srpvid=f67a5142d98901c5&srepoch=1726054405&from=searchresults,"Bénéficiant d'une piscine privée, d'une vue sur la piscine et d'un balcon, la Résidence Port d'Avall - Piscine Parking Clim - 200 mètres Le plage - 4 pers - 2 chambres est situé à Collioure. ",42.52221132,3.08823815
43,Collioure,2RB38A Appartement vue sur mer et proche plage,"7,3",https://www.booking.com/hotel/fr/roches-bleues-2rb525.fr.html?aid=304142&label=gen173nr-1FCAEoggI46AdIM1gEaE2IAQGYAQm4ARfIAQ_YAQHoAQH4AQOIAgGoAgO4AoOAhrcGwAIB0gIkZDU1ZjYwYzctM2QwZS00MGQ2LWFiNzMtNTAwMTg0ZTIxM2Rj2AIG4AIB&ucfs=1&arphpl=1&group_adults=2&req_adults=2&no_rooms=1&group_children=0&req_children=0&hpos=21&hapos=21&sr_order=popularity&srpvid=f67a5142d98901c5&srepoch=1726054405&from=searchresults,"Situé à Collioure, en Occitanie, à proximité des plages d'Oli et de Reguers, Le 2RB38A Appartement vue sur mer et proche plage propose un parking privé gratuit. ",42.52478800,3.09856800
44,Collioure,Boramar,"9,5",https://www.booking.com/hotel/fr/boramar.fr.html?aid=304142&label=gen173nr-1FCAEoggI46AdIM1gEaE2IAQGYAQm4ARfIAQ_YAQHoAQH4AQOIAgGoAgO4AoOAhrcGwAIB0gIkZDU1ZjYwYzctM2QwZS00MGQ2LWFiNzMtNTAwMTg0ZTIxM2Rj2AIG4AIB&ucfs=1&arphpl=1&group_adults=2&req_adults=2&no_rooms=1&group_children=0&req_children=0&hpos=23&hapos=23&sr_order=popularity&srpvid=f67a5142d98901c5&srepoch=1726054405&from=searchresults,"Le Boramar est un hébergement en bord de mer situé à Collioure, à 90 mètres de la plage Nord et à 100 mètres de celle de Saint-Vincent. ",42.52754300,3.08535500
45,Collioure,Joli T2 vue mer au calme.,"8,8",https://www.booking.com/hotel/fr/joli-t2-vue-mer-au-calme.fr.html?aid=304142&label=gen173nr-1FCAEoggI46AdIM1gEaE2IAQGYAQm4ARfIAQ_YAQHoAQH4AQOIAgGoAgO4AoOAhrcGwAIB0gIkZDU1ZjYwYzctM2QwZS00MGQ2LWFiNzMtNTAwMTg0ZTIxM2Rj2AIG4AIB&ucfs=1&arphpl=1&group_adults=2&req_adults=2&no_rooms=1&group_children=0&req_children=0&hpos=17&hapos=17&sr_order=popularity&srpvid=f67a5142d98901c5&srepoch=1726054405&from=searchresults,"Joli T2 vue mer au calme. Il est situé à Collioure, à moins de 1 km de la plage de Boutigue, à 11 minutes à pied de la plage de Boramar et à moins de 1 km du château royal de Collioure. ",42.52269801,3.08192517
46,Collioure,Appartement vue mer les pieds dans l'eau,"8,9",https://www.booking.com/hotel/fr/appartement-vue-mer-les-pieds-dans-l-eau.fr.html?aid=304142&label=gen173nr-1FCAEoggI46AdIM1gEaE2IAQGYAQm4ARfIAQ_YAQHoAQH4AQOIAgGoAgO4AoOAhrcGwAIB0gIkZDU1ZjYwYzctM2QwZS00MGQ2LWFiNzMtNTAwMTg0ZTIxM2Rj2AIG4AIB&ucfs=1&arphpl=1&group_adults=2&req_adults=2&no_rooms=1&group_children=0&req_children=0&hpos=19&hapos=19&sr_order=popularity&srpvid=f67a5142d98901c5&srepoch=1726054405&from=searchresults,"Offrant une vue sur le jardin, l'Appartement vue mer les pieds dans l'eau est situé à Collioure, à 200 mètres de la plage d'Oli et de celle de Reguers. ",42.52321520,3.09746800
47,Collioure,studio vue mer garage,"8,5",https://www.booking.com/hotel/fr/studio-vue-mer-garage.fr.html?aid=304142&label=gen173nr-1FCAEoggI46AdIM1gEaE2IAQGYAQm4ARfIAQ_YAQHoAQH4AQOIAgGoAgO4AoOAhrcGwAIB0gIkZDU1ZjYwYzctM2QwZS00MGQ2LWFiNzMtNTAwMTg0ZTIxM2Rj2AIG4AIB&ucfs=1&arphpl=1&group_adults=2&req_adults=2&no_rooms=1&group_children=0&req_children=0&hpos=20&hapos=20&sr_order=popularity&srpvid=f67a5142d98901c5&srepoch=1726054405&from=searchresults,"Situé à Collioure, à moins de 1 km de la plage de Boramar et à 11 minutes à pied de la plage de Port Avall, le studio vue mer garage Elle dispose de la climatisation. ",42.52593788,3.07822114
48,Collioure,Hotel Méditerranée,"7,9",https://www.booking.com/hotel/fr/mediterranee-collioure.fr.html?aid=304142&label=gen173nr-1FCAEoggI46AdIM1gEaE2IAQGYAQm4ARfIAQ_YAQHoAQH4AQOIAgGoAgO4AoOAhrcGwAIB0gIkZDU1ZjYwYzctM2QwZS00MGQ2LWFiNzMtNTAwMTg0ZTIxM2Rj2AIG4AIB&ucfs=1&arphpl=1&group_adults=2&req_adults=2&no_rooms=1&group_children=0&req_children=0&hpos=18&hapos=18&sr_order=popularity&srpvid=f67a5142d98901c5&srepoch=1726054405&from_sustainable_property_sr=1&from=searchresults,"Doté d'un jardin de style méditerranéen et d'une terrasse, l'Hotel Méditerranée se trouve à Collioure, à 5 minutes de marche de la plage la plus proche. ",42.52708254,3.08026291
49,Collioure,Hôtel la Bona Casa,"8,6",https://www.booking.com/hotel/fr/la-bona-casa.fr.html?aid=304142&label=gen173nr-1FCAEoggI46AdIM1gEaE2IAQGYAQm4ARfIAQ_YAQHoAQH4AQOIAgGoAgO4AoOAhrcGwAIB0gIkZDU1ZjYwYzctM2QwZS00MGQ2LWFiNzMtNTAwMTg0ZTIxM2Rj2AIG4AIB&ucfs=1&arphpl=1&group_adults=2&req_adults=2&no_rooms=1&group_children=0&req_children=0&hpos=16&hapos=16&sr_order=popularity&srpvid=f67a5142d98901c5&srepoch=1726054405&from=searchresults,"L'Hôtel la Bona Casa est situé dans le centre historique de Collioure, à seulement 300 mètres du château royal et de la plage. Il propose une connexion Wi-Fi gratuite et une terrasse ombragée. ",42.52547153,3.08269870
50,Collioure,La Chambre De Salome,"8,8",https://www.booking.com/hotel/fr/la-chambre-de-salome.fr.html?aid=304142&label=gen173nr-1FCAEoggI46AdIM1gEaE2IAQGYAQm4ARfIAQ_YAQHoAQH4AQOIAgGoAgO4AoOAhrcGwAIB0gIkZDU1ZjYwYzctM2QwZS00MGQ2LWFiNzMtNTAwMTg0ZTIxM2Rj2AIG4AIB&ucfs=1&arphpl=1&group_adults=2&req_adults=2&no_rooms=1&group_children=0&req_children=0&hpos=9&hapos=9&sr_order=popularity&srpvid=f67a5142d98901c5&srepoch=1726054405&from=searchresults,"Situé à Collioure, à seulement 1 km de la plage de Port Avall, l'établissement La Chambre De Salome propose des hébergements avec vue sur la montagne. ",42.52111690,3.07730913
51,Collioure,Appartement Centre COLLIOURE CLIM PATIO WIFI,"9,3",https://www.booking.com/hotel/fr/appartement-centre-collioure-patio-wifi-clim.fr.html?aid=304142&label=gen173nr-1FCAEoggI46AdIM1gEaE2IAQGYAQm4ARfIAQ_YAQHoAQH4AQOIAgGoAgO4AoOAhrcGwAIB0gIkZDU1ZjYwYzctM2QwZS00MGQ2LWFiNzMtNTAwMTg0ZTIxM2Rj2AIG4AIB&ucfs=1&arphpl=1&group_adults=2&req_adults=2&no_rooms=1&group_children=0&req_children=0&hpos=10&hapos=10&sr_order=popularity&srpvid=f67a5142d98901c5&srepoch=1726054405&from=searchresults,"Situé à Collioure, à 300 mètres de la plage de Boramar et à 400 mètres de celle du Nord, l'Appartement Centre Collioure Patio Wifi Clim dispose d'un jardin et de la climatisation. ",42.52739229,3.08228340
52,Collioure,Le Grenache,"8,6",https://www.booking.com/hotel/fr/le-grenache-collioure.fr.html?aid=304142&label=gen173nr-1FCAEoggI46AdIM1gEaE2IAQGYAQm4ARfIAQ_YAQHoAQH4AQOIAgGoAgO4AoOAhrcGwAIB0gIkZDU1ZjYwYzctM2QwZS00MGQ2LWFiNzMtNTAwMTg0ZTIxM2Rj2AIG4AIB&ucfs=1&arphpl=1&group_adults=2&req_adults=2&no_rooms=1&group_children=0&req_children=0&hpos=15&hapos=15&sr_order=popularity&srpvid=f67a5142d98901c5&srepoch=1726054405&from=searchresults,"Doté d'une terrasse, l'établissement Le Grenache est situé à Collioure, à seulement 400 mètres de la plage du Nord et de celle de Saint-Vincent. ",42.52738720,3.08233860
53,Collioure,APP' ART CENTRE PLAGE + PARKING GRATUIT,"8,9",https://www.booking.com/hotel/fr/app-art-centre-plage-parking-gratuit.fr.html?aid=304142&label=gen173nr-1FCAEoggI46AdIM1gEaE2IAQGYAQm4ARfIAQ_YAQHoAQH4AQOIAgGoAgO4AoOAhrcGwAIB0gIkZDU1ZjYwYzctM2QwZS00MGQ2LWFiNzMtNTAwMTg0ZTIxM2Rj2AIG4AIB&ucfs=1&arphpl=1&group_adults=2&req_adults=2&no_rooms=1&group_children=0&req_children=0&hpos=11&hapos=11&sr_order=popularity&srpvid=f67a5142d98901c5&srepoch=1726054405&from_sustainable_property_sr=1&from=searchresults,"Situé à moins de 60 mètres de la plage de Port Avall et de celle de Boutigue, l'APP' ART CENTRE PLAGE + PARKING GRATUIT propose des chambres climatisées avec salle de bains privative à Collioure. ",42.52334528,3.08696844
54,Collioure,Residence Pierre & Vacances Les Balcons de Collioure,"8,0",https://www.booking.com/hotel/fr/maevabalconsdecollioure.fr.html?aid=304142&label=gen173nr-1FCAEoggI46AdIM1gEaE2IAQGYAQm4ARfIAQ_YAQHoAQH4AQOIAgGoAgO4AoOAhrcGwAIB0gIkZDU1ZjYwYzctM2QwZS00MGQ2LWFiNzMtNTAwMTg0ZTIxM2Rj2AIG4AIB&ucfs=1&arphpl=1&group_adults=2&req_adults=2&no_rooms=1&group_children=0&req_children=0&hpos=13&hapos=13&sr_order=popularity&srpvid=f67a5142d98901c5&srepoch=1726054405&from=searchresults,La Residence Pierre & Vacances Les Balcons de Collioure propose des hébergements indépendants et confortables à seulement 500 mètres de la plage. ,42.52510633,3.09043620
55,Collioure,Hôtel La Casa Pairal,"8,9",https://www.booking.com/hotel/fr/hotelcasapairal.fr.html?aid=304142&label=gen173nr-1FCAEoggI46AdIM1gEaE2IAQGYAQm4ARfIAQ_YAQHoAQH4AQOIAgGoAgO4AoOAhrcGwAIB0gIkZDU1ZjYwYzctM2QwZS00MGQ2LWFiNzMtNTAwMTg0ZTIxM2Rj2AIG4AIB&ucfs=1&arphpl=1&group_adults=2&req_adults=2&no_rooms=1&group_children=0&req_children=0&hpos=8&hapos=8&sr_order=popularity&srpvid=f67a5142d98901c5&srepoch=1726054405&from_sustainable_property_sr=1&from=searchresults,"Situé à 250 mètres de la plage et du port de Collioure, l'Hôtel La Casa Pairal propose un jardin fleuri exotique et une piscine extérieure chauffée. ",42.52616733,3.08235571
56,Collioure,appart central et son parking privatif gratuit,"9,0",https://www.booking.com/hotel/fr/appart-central-collioure.fr.html?aid=304142&label=gen173nr-1FCAEoggI46AdIM1gEaE2IAQGYAQm4ARfIAQ_YAQHoAQH4AQOIAgGoAgO4AoOAhrcGwAIB0gIkZDU1ZjYwYzctM2QwZS00MGQ2LWFiNzMtNTAwMTg0ZTIxM2Rj2AIG4AIB&ucfs=1&arphpl=1&group_adults=2&req_adults=2&no_rooms=1&group_children=0&req_children=0&hpos=14&hapos=14&sr_order=popularity&srpvid=f67a5142d98901c5&srepoch=1726054405&from_sustainable_property_sr=1&from=searchresults,"Situé à 400 mètres de la plage de Boramar, à 500 mètres de celle de Boutigue et à 700 mètres de celle de Balette, l'appart central et son parking privatif gratuit propose un hébergement à Collioure. ",42.52488242,3.08187893
57,Collioure,Les Jasmins,"8,4",https://www.booking.com/hotel/fr/chambre-d-39-hotes-les-jasmins.fr.html?aid=304142&label=gen173nr-1FCAEoggI46AdIM1gEaE2IAQGYAQm4ARfIAQ_YAQHoAQH4AQOIAgGoAgO4AoOAhrcGwAIB0gIkZDU1ZjYwYzctM2QwZS00MGQ2LWFiNzMtNTAwMTg0ZTIxM2Rj2AIG4AIB&ucfs=1&arphpl=1&group_adults=2&req_adults=2&no_rooms=1&group_children=0&req_children=0&hpos=12&hapos=12&sr_order=popularity&srpvid=f67a5142d98901c5&srepoch=1726054405&from_sustainable_property_sr=1&from=searchresults,"La Chambre d'hôtes Les Jasmins est située à Collioure, à 4 minutes à pied de la plage. Une connexion Wi-Fi est disponible gratuitement. Argeles-sur-Mer se trouve à 14 minutes en voiture. ",42.52354810,3.08187379
58,Collioure,Les Roches Brunes,"9,1",https://www.booking.com/hotel/fr/les-roches-brunes-collioure.fr.html?aid=304142&label=gen173nr-1FCAEoggI46AdIM1gEaE2IAQGYAQm4ARfIAQ_YAQHoAQH4AQOIAgGoAgO4AoOAhrcGwAIB0gIkZDU1ZjYwYzctM2QwZS00MGQ2LWFiNzMtNTAwMTg0ZTIxM2Rj2AIG4AIB&ucfs=1&arphpl=1&group_adults=2&req_adults=2&no_rooms=1&group_children=0&req_children=0&hpos=5&hapos=5&sr_order=popularity&srpvid=f67a5142d98901c5&srepoch=1726054405&from_sustainable_property_sr=1&from=searchresults,"Situé à Collioure, à 70 mètres de la plage de Balette, l'établissement Les Roches Brunes propose un jardin, un parking privé gratuit, une terrasse et un restaurant. ",42.52534777,3.09032446
59,Collioure,Studio Centre Plage parking gratuit,"9,1",https://www.booking.com/hotel/fr/studio-centre-plage-collioure.fr.html?aid=304142&label=gen173nr-1FCAEoggI46AdIM1gEaE2IAQGYAQm4ARfIAQ_YAQHoAQH4AQOIAgGoAgO4AoOAhrcGwAIB0gIkZDU1ZjYwYzctM2QwZS00MGQ2LWFiNzMtNTAwMTg0ZTIxM2Rj2AIG4AIB&ucfs=1&arphpl=1&group_adults=2&req_adults=2&no_rooms=1&group_children=0&req_children=0&hpos=6&hapos=6&sr_order=popularity&srpvid=f67a5142d98901c5&srepoch=1726054405&from_sustainable_property_sr=1&from=searchresults,"Offrant une vue sur la rue calme, le Studio Centre Plage parking gratuit est situé à Collioure, à 300 mètres de la plage de Port Avall et de celle de Balette. ",42.52298768,3.08732966
60,Collioure,"Apartment Olive & Kin, Collioure","9,1",https://www.booking.com/hotel/fr/residence-port-d-39-avall.fr.html?aid=304142&label=gen173nr-1FCAEoggI46AdIM1gEaE2IAQGYAQm4ARfIAQ_YAQHoAQH4AQOIAgGoAgO4AoOAhrcGwAIB0gIkZDU1ZjYwYzctM2QwZS00MGQ2LWFiNzMtNTAwMTg0ZTIxM2Rj2AIG4AIB&ucfs=1&arphpl=1&group_adults=2&req_adults=2&no_rooms=1&group_children=0&req_children=0&hpos=7&hapos=7&sr_order=popularity&srpvid=f67a5142d98901c5&srepoch=1726054405&from_sustainable_property_sr=1&from=searchresults,"Situé à 300 mètres de la plage de Collioure, l'Apartment Olive & Kin, Collioure propose un parking privé gratuit, 2 balcons, la climatisation, une piscine extérieure ouverte en saison et un court de...",42.52226729,3.08869533
61,Collioure,Canta la Mar - Vue exceptionnelle,"9,2",https://www.booking.com/hotel/fr/studio-canta-la-mar-vue-exceptionnelle.fr.html?aid=304142&label=gen173nr-1FCAEoggI46AdIM1gEaE2IAQGYAQm4ARfIAQ_YAQHoAQH4AQOIAgGoAgO4AoOAhrcGwAIB0gIkZDU1ZjYwYzctM2QwZS00MGQ2LWFiNzMtNTAwMTg0ZTIxM2Rj2AIG4AIB&ucfs=1&arphpl=1&group_adults=2&req_adults=2&no_rooms=1&group_children=0&req_children=0&hpos=4&hapos=4&sr_order=popularity&srpvid=f67a5142d98901c5&srepoch=1726054405&from_sustainable_property_sr=1&from=searchresults,"Le Canta la Mar - Vue exceptionnelle est un hébergement en bord de mer situé à Collioure, à 100 mètres de la plage de La Ballette et à 300 mètres du moulin à vent. ",42.52443110,3.09031585
62,Marseille,Hôtel Maison Montgrand - Vieux Port,"8,0",https://www.booking.com/hotel/fr/montgrand.fr.html?aid=304142&label=gen173nr-1FCAEoggI46AdIM1gEaE2IAQGYAQm4ARfIAQ_YAQHoAQH4AQOIAgGoAgO4AoOAhrcGwAIB0gIkZDU1ZjYwYzctM2QwZS00MGQ2LWFiNzMtNTAwMTg0ZTIxM2Rj2AIG4AIB&ucfs=1&arphpl=1&group_adults=2&req_adults=2&no_rooms=1&group_children=0&req_children=0&hpos=25&hapos=25&sr_order=popularity&srpvid=3e4651429b3a006b&srepoch=1726054405&from_sustainable_property_sr=1&from=searchresults,"Idéalement situé dans le centre de Marseille, l'Hôtel Maison Montgrand - Vieux Port propose des chambres climatisées, un jardin, une terrasse et une connexion Wi-Fi gratuite. ",43.29096270,5.37642920
63,Collioure,Le Mas des Citronniers,"8,3",https://www.booking.com/hotel/fr/lesmasdescitronniers.fr.html?aid=304142&label=gen173nr-1FCAEoggI46AdIM1gEaE2IAQGYAQm4ARfIAQ_YAQHoAQH4AQOIAgGoAgO4AoOAhrcGwAIB0gIkZDU1ZjYwYzctM2QwZS00MGQ2LWFiNzMtNTAwMTg0ZTIxM2Rj2AIG4AIB&ucfs=1&arphpl=1&group_adults=2&req_adults=2&no_rooms=1&group_children=0&req_children=0&hpos=2&hapos=2&sr_order=popularity&srpvid=f67a5142d98901c5&srepoch=1726054405&from=searchresults,"The hotel has no private parking, but a few free spaces are available in front of the establishment, and several parking lots in the town of Collioure are close to the hotel. ",42.52538159,3.08256391
64,Collioure,La Frégate,"8,4",https://www.booking.com/hotel/fr/la-fra-c-gate-collioure.fr.html?aid=304142&label=gen173nr-1FCAEoggI46AdIM1gEaE2IAQGYAQm4ARfIAQ_YAQHoAQH4AQOIAgGoAgO4AoOAhrcGwAIB0gIkZDU1ZjYwYzctM2QwZS00MGQ2LWFiNzMtNTAwMTg0ZTIxM2Rj2AIG4AIB&ucfs=1&arphpl=1&group_adults=2&req_adults=2&no_rooms=1&group_children=0&req_children=0&hpos=3&hapos=3&sr_order=popularity&srpvid=f67a5142d98901c5&srepoch=1726054405&from_sustainable_property_sr=1&from=searchresults,"Installé à Collioure, l'établissement La Frégate vous propose un bar, un restaurant, une terrasse et un salon commun. ",42.52638625,3.08325659
65,Bormes les Mimosas,Les deux mas,"9,1",https://www.booking.com/hotel/fr/lou-mazet-bormes-les-mimosas.fr.html?aid=304142&label=gen173nr-1FCAEoggI46AdIM1gEaE2IAQGYAQm4ARfIAQ_YAQHoAQH4AQOIAgGoAgO4AoOAhrcGwAIB0gIkZDU1ZjYwYzctM2QwZS00MGQ2LWFiNzMtNTAwMTg0ZTIxM2Rj2AIG4AIB&ucfs=1&arphpl=1&group_adults=2&req_adults=2&no_rooms=1&group_children=0&req_children=0&hpos=1&hapos=1&sr_order=popularity&srpvid=29f4514253d60081&srepoch=1726054405&from=searchresults,"Situé à Bormes-les-Mimosas, l'établissement Les deux mas offre une vue sur sa piscine privée. Vous bénéficierez gratuitement d'un parking privé et d'une connexion Wi-Fi. ",43.14393659,6.33632324
66,Marseille,Toyoko INN Marseille Saint Charles,"7,8",https://www.booking.com/hotel/fr/toyoko-inn-marseille-saint-charles.fr.html?aid=304142&label=gen173nr-1FCAEoggI46AdIM1gEaE2IAQGYAQm4ARfIAQ_YAQHoAQH4AQOIAgGoAgO4AoOAhrcGwAIB0gIkZDU1ZjYwYzctM2QwZS00MGQ2LWFiNzMtNTAwMTg0ZTIxM2Rj2AIG4AIB&ucfs=1&arphpl=1&group_adults=2&req_adults=2&no_rooms=1&group_children=0&req_children=0&hpos=23&hapos=23&sr_order=popularity&srpvid=3e4651429b3a006b&srepoch=1726054405&from_sustainable_property_sr=1&from=searchresults,"Situé à Marseille, à seulement 5 minutes à pied de la gare de Marseille Saint-Charles, le Toyoko INN Marseille Saint Charles dispose d'un jardin et d'une connexion Wi-Fi gratuite. ",43.30422900,5.37662400
67,Marseille,LaFrenchCasa Noailles,"7,4",https://www.booking.com/hotel/fr/la-french-casa-noailles.fr.html?aid=304142&label=gen173nr-1FCAEoggI46AdIM1gEaE2IAQGYAQm4ARfIAQ_YAQHoAQH4AQOIAgGoAgO4AoOAhrcGwAIB0gIkZDU1ZjYwYzctM2QwZS00MGQ2LWFiNzMtNTAwMTg0ZTIxM2Rj2AIG4AIB&ucfs=1&arphpl=1&group_adults=2&req_adults=2&no_rooms=1&group_children=0&req_children=0&hpos=22&hapos=22&sr_order=popularity&srpvid=3e4651429b3a006b&srepoch=1726054405&from=searchresults,"Situé à moins de 700 mètres du centre de Marseille, l'hébergement LaFrenchCasa Noailles dispose d'une connexion Wi-Fi gratuite ainsi que d'une cuisine avec un four, un micro-ondes et un grille-pain. ",43.29647290,5.37876600
68,Marseille,Studio Design Plage des Catalans,"8,9",https://www.booking.com/hotel/fr/studio-plage-des-catalans-pharo.fr.html?aid=304142&label=gen173nr-1FCAEoggI46AdIM1gEaE2IAQGYAQm4ARfIAQ_YAQHoAQH4AQOIAgGoAgO4AoOAhrcGwAIB0gIkZDU1ZjYwYzctM2QwZS00MGQ2LWFiNzMtNTAwMTg0ZTIxM2Rj2AIG4AIB&ucfs=1&arphpl=1&group_adults=2&req_adults=2&no_rooms=1&group_children=0&req_children=0&hpos=20&hapos=20&sr_order=popularity&srpvid=3e4651429b3a006b&srepoch=1726054405&from=searchresults,"Situé à Marseille, à seulement 70 mètres de la plage des Catalans, le Studio Design Plage des Catalans propose un hébergement en bord de mer avec connexion Wi-Fi gratuite. ",43.29114630,5.35646600
69,Marseille,Soo Major Magnifique T2 au Panier,"8,9",https://www.booking.com/hotel/fr/soo-major-magnifique-t2-au-panier.fr.html?aid=304142&label=gen173nr-1FCAEoggI46AdIM1gEaE2IAQGYAQm4ARfIAQ_YAQHoAQH4AQOIAgGoAgO4AoOAhrcGwAIB0gIkZDU1ZjYwYzctM2QwZS00MGQ2LWFiNzMtNTAwMTg0ZTIxM2Rj2AIG4AIB&ucfs=1&arphpl=1&group_adults=2&req_adults=2&no_rooms=1&group_children=0&req_children=0&hpos=24&hapos=24&sr_order=popularity&srpvid=3e4651429b3a006b&srepoch=1726054405&from=searchresults,"Situé à Marseille, à moins de 1 km de la station de métro Joliette et à 13 minutes à pied du centre commercial Les Terrasses du Port, le Soo Major Magnifique T2 au Panier dispose de la climatisation. ",43.29805370,5.36489200
70,Marseille,Cosy 40m2 city center 'LE PANIER',"9,0",https://www.booking.com/hotel/fr/t2-renove-dans-le-panier.fr.html?aid=304142&label=gen173nr-1FCAEoggI46AdIM1gEaE2IAQGYAQm4ARfIAQ_YAQHoAQH4AQOIAgGoAgO4AoOAhrcGwAIB0gIkZDU1ZjYwYzctM2QwZS00MGQ2LWFiNzMtNTAwMTg0ZTIxM2Rj2AIG4AIB&ucfs=1&arphpl=1&group_adults=2&req_adults=2&no_rooms=1&group_children=0&req_children=0&hpos=18&hapos=18&sr_order=popularity&srpvid=3e4651429b3a006b&srepoch=1726054405&from=searchresults,"Situé dans le centre de Marseille, à moins de 2,3 km de la plage des Catalans et à moins de 1 km de la station de métro Joliette, le Cosy 40m2 city center 'LE PANIER' est un hébergement offrant une...",43.29944445,5.36922660
71,Marseille,La Pitcholine : Superbe studio au Vieux-Port,"9,5",https://www.booking.com/hotel/fr/la-pitcholine-superbe-studio-au-vieux-port.fr.html?aid=304142&label=gen173nr-1FCAEoggI46AdIM1gEaE2IAQGYAQm4ARfIAQ_YAQHoAQH4AQOIAgGoAgO4AoOAhrcGwAIB0gIkZDU1ZjYwYzctM2QwZS00MGQ2LWFiNzMtNTAwMTg0ZTIxM2Rj2AIG4AIB&ucfs=1&arphpl=1&group_adults=2&req_adults=2&no_rooms=1&group_children=0&req_children=0&hpos=19&hapos=19&sr_order=popularity&srpvid=3e4651429b3a006b&srepoch=1726054405&from_sustainable_property_sr=1&from=searchresults,"Situé dans le centre de Marseille, à proximité de la plage des Catalans et de la rue Saint-Ferréol, l'établissement La Pitcholine: Superbe studio au Vieux-Port propose une connexion Wi-Fi gratuite, la...",43.29218920,5.37001360
72,Marseille,B&B HOTEL Marseille Prado Vélodrome,"8,0",https://www.booking.com/hotel/fr/b-amp-b-marseille-velodrome-prado.fr.html?aid=304142&label=gen173nr-1FCAEoggI46AdIM1gEaE2IAQGYAQm4ARfIAQ_YAQHoAQH4AQOIAgGoAgO4AoOAhrcGwAIB0gIkZDU1ZjYwYzctM2QwZS00MGQ2LWFiNzMtNTAwMTg0ZTIxM2Rj2AIG4AIB&ucfs=1&arphpl=1&group_adults=2&req_adults=2&no_rooms=1&group_children=0&req_children=0&hpos=17&hapos=17&sr_order=popularity&srpvid=3e4651429b3a006b&srepoch=1726054405&from_sustainable_property_sr=1&from=searchresults,,43.26842246,5.39409652
73,Marseille,Le Couvent du Vieux Port,"9,1",https://www.booking.com/hotel/fr/le-couvent-du-vieux-port.fr.html?aid=304142&label=gen173nr-1FCAEoggI46AdIM1gEaE2IAQGYAQm4ARfIAQ_YAQHoAQH4AQOIAgGoAgO4AoOAhrcGwAIB0gIkZDU1ZjYwYzctM2QwZS00MGQ2LWFiNzMtNTAwMTg0ZTIxM2Rj2AIG4AIB&ucfs=1&arphpl=1&group_adults=2&req_adults=2&no_rooms=1&group_children=0&req_children=0&hpos=21&hapos=21&sr_order=popularity&srpvid=3e4651429b3a006b&srepoch=1726054405&from=searchresults,L'appartement Le Couvent du Vieux Port est un hébergement indépendant de style Art déco situé à Marseille. ,43.29774686,5.36827858
74,Marseille,Vieux-Port view - Ultra center - Air conditioning - Les Frères de la Loc',"9,5",https://www.booking.com/hotel/fr/vieux-port-view-ultra-center-air-conditioning.fr.html?aid=304142&label=gen173nr-1FCAEoggI46AdIM1gEaE2IAQGYAQm4ARfIAQ_YAQHoAQH4AQOIAgGoAgO4AoOAhrcGwAIB0gIkZDU1ZjYwYzctM2QwZS00MGQ2LWFiNzMtNTAwMTg0ZTIxM2Rj2AIG4AIB&ucfs=1&arphpl=1&group_adults=2&req_adults=2&no_rooms=1&group_children=0&req_children=0&hpos=16&hapos=16&sr_order=popularity&srpvid=3e4651429b3a006b&srepoch=1726054405&from=searchresults,"Situated in the centre of Marseille, 1.6 km from Plage des Catalans and 2.7 km from Fausse Monnaie, Vieux-Port view - Ultra center - Air conditioning - Les Frères de la Loc' offers free WiFi and air...",43.29363530,5.37347210
75,Marseille,B&B HOTEL Marseille Centre La Timone,"8,0",https://www.booking.com/hotel/fr/all-seasons-marseilletimone.fr.html?aid=304142&label=gen173nr-1FCAEoggI46AdIM1gEaE2IAQGYAQm4ARfIAQ_YAQHoAQH4AQOIAgGoAgO4AoOAhrcGwAIB0gIkZDU1ZjYwYzctM2QwZS00MGQ2LWFiNzMtNTAwMTg0ZTIxM2Rj2AIG4AIB&ucfs=1&arphpl=1&group_adults=2&req_adults=2&no_rooms=1&group_children=0&req_children=0&hpos=15&hapos=15&sr_order=popularity&srpvid=3e4651429b3a006b&srepoch=1726054405&from=searchresults,"Le B&B Marseille La Timone est un hôtel moderne et design situé à Marseille, à 10 minutes du Stade Vélodrome et à 15 minutes du Vieux-Port. La connexion Wi-Fi est gratuite. ",43.29152194,5.40403225
76,Marseille,Studio Cosy rue Sainte/St Victor,"9,5",https://www.booking.com/hotel/fr/studio-cosy-rue-sainte-st-victor.fr.html?aid=304142&label=gen173nr-1FCAEoggI46AdIM1gEaE2IAQGYAQm4ARfIAQ_YAQHoAQH4AQOIAgGoAgO4AoOAhrcGwAIB0gIkZDU1ZjYwYzctM2QwZS00MGQ2LWFiNzMtNTAwMTg0ZTIxM2Rj2AIG4AIB&ucfs=1&arphpl=1&group_adults=2&req_adults=2&no_rooms=1&group_children=0&req_children=0&hpos=14&hapos=14&sr_order=popularity&srpvid=3e4651429b3a006b&srepoch=1726054405&from=searchresults,"Situé dans le quartier du Vieux Port - La Canebière à Marseille, le Studio Cosy rue Sainte/St Victor dispose de la climatisation, d'une terrasse et d'une vue sur le jardin. ",43.29076990,5.36721620
77,Marseille,Ibis Marseille Centre Prefecture,"7,0",https://www.booking.com/hotel/fr/premiere-classe-marseille-centre-xml.fr.html?aid=304142&label=gen173nr-1FCAEoggI46AdIM1gEaE2IAQGYAQm4ARfIAQ_YAQHoAQH4AQOIAgGoAgO4AoOAhrcGwAIB0gIkZDU1ZjYwYzctM2QwZS00MGQ2LWFiNzMtNTAwMTg0ZTIxM2Rj2AIG4AIB&ucfs=1&arphpl=1&group_adults=2&req_adults=2&no_rooms=1&group_children=0&req_children=0&hpos=13&hapos=13&sr_order=popularity&srpvid=3e4651429b3a006b&srepoch=1726054405&from_sustainable_property_sr=1&from=searchresults,"Situé dans le 6e arrondissement de Marseille, l'Ibis Marseille Centre Préfecture dispose d'une connexion Wi-Fi gratuite et d'une réception ouverte 24h/24. ",43.29155323,5.38197108
78,Marseille,Hôtel Life Marseille VP - Vieux Port,"8,4",https://www.booking.com/hotel/fr/alize.fr.html?aid=304142&label=gen173nr-1FCAEoggI46AdIM1gEaE2IAQGYAQm4ARfIAQ_YAQHoAQH4AQOIAgGoAgO4AoOAhrcGwAIB0gIkZDU1ZjYwYzctM2QwZS00MGQ2LWFiNzMtNTAwMTg0ZTIxM2Rj2AIG4AIB&ucfs=1&arphpl=1&group_adults=2&req_adults=2&no_rooms=1&group_children=0&req_children=0&hpos=12&hapos=12&sr_order=popularity&srpvid=3e4651429b3a006b&srepoch=1726054405&from_sustainable_property_sr=1&from=searchresults,,43.29443608,5.37478209
79,Marseille,~{Le Pan'yay}~,"9,4",https://www.booking.com/hotel/fr/le-pan-yay.fr.html?aid=304142&label=gen173nr-1FCAEoggI46AdIM1gEaE2IAQGYAQm4ARfIAQ_YAQHoAQH4AQOIAgGoAgO4AoOAhrcGwAIB0gIkZDU1ZjYwYzctM2QwZS00MGQ2LWFiNzMtNTAwMTg0ZTIxM2Rj2AIG4AIB&ucfs=1&arphpl=1&group_adults=2&req_adults=2&no_rooms=1&group_children=0&req_children=0&hpos=8&hapos=8&sr_order=popularity&srpvid=3e4651429b3a006b&srepoch=1726054405&from=searchresults,"Situé dans le quartier du Panier à Marseille, à proximité de la station de métro Joliette, l'établissement ~{Le Pan'yay}~ dispose d'une connexion Wi-Fi gratuite et d'un lave-linge. ",43.29774912,5.36706445
80,Marseille,Hôtel Carré Vieux Port,"8,0",https://www.booking.com/hotel/fr/hotelkyrivieuxmarseille.fr.html?aid=304142&label=gen173nr-1FCAEoggI46AdIM1gEaE2IAQGYAQm4ARfIAQ_YAQHoAQH4AQOIAgGoAgO4AoOAhrcGwAIB0gIkZDU1ZjYwYzctM2QwZS00MGQ2LWFiNzMtNTAwMTg0ZTIxM2Rj2AIG4AIB&ucfs=1&arphpl=1&group_adults=2&req_adults=2&no_rooms=1&group_children=0&req_children=0&hpos=10&hapos=10&sr_order=popularity&srpvid=3e4651429b3a006b&srepoch=1726054405&from_sustainable_property_sr=1&from=searchresults,,43.29502467,5.37505701
81,Marseille,PARADISE Earth & Sea,"8,6",https://www.booking.com/hotel/fr/paradise-eart-amp-sea.fr.html?aid=304142&label=gen173nr-1FCAEoggI46AdIM1gEaE2IAQGYAQm4ARfIAQ_YAQHoAQH4AQOIAgGoAgO4AoOAhrcGwAIB0gIkZDU1ZjYwYzctM2QwZS00MGQ2LWFiNzMtNTAwMTg0ZTIxM2Rj2AIG4AIB&ucfs=1&arphpl=1&group_adults=2&req_adults=2&no_rooms=1&group_children=0&req_children=0&hpos=11&hapos=11&sr_order=popularity&srpvid=3e4651429b3a006b&srepoch=1726054405&from_sustainable_property_sr=1&from=searchresults,"Offrant une vue sur la ville, le PARADISE Earth & Sea est situé dans le quartier du Vieux Port-La Canebière à Marseille, à 2,9 km de la Fausse Monnaie et à 400 mètres de la station de métro Vieux...",43.29336930,5.37667700
82,Marseille,New Hotel of Marseille - Vieux Port,"8,3",https://www.booking.com/hotel/fr/new-of-marseille-le-pharo.fr.html?aid=304142&label=gen173nr-1FCAEoggI46AdIM1gEaE2IAQGYAQm4ARfIAQ_YAQHoAQH4AQOIAgGoAgO4AoOAhrcGwAIB0gIkZDU1ZjYwYzctM2QwZS00MGQ2LWFiNzMtNTAwMTg0ZTIxM2Rj2AIG4AIB&ucfs=1&arphpl=1&group_adults=2&req_adults=2&no_rooms=1&group_children=0&req_children=0&hpos=7&hapos=7&sr_order=popularity&srpvid=3e4651429b3a006b&srepoch=1726054405&from_sustainable_property_sr=1&from=searchresults,"Le New Hotel of Marseille - Vieux Port vous propose des hébergements dans un hôtel design situé en face du palais du Pharo, à seulement 10 minutes à pied du Vieux-Port. ",43.29204847,5.35977781
83,Marseille,"Chambre privé avec piscine ,parking et cuisine prive","8,0",https://www.booking.com/hotel/fr/chambre-prive-avec-piscine-parking-et-cuisine-prive.fr.html?aid=304142&label=gen173nr-1FCAEoggI46AdIM1gEaE2IAQGYAQm4ARfIAQ_YAQHoAQH4AQOIAgGoAgO4AoOAhrcGwAIB0gIkZDU1ZjYwYzctM2QwZS00MGQ2LWFiNzMtNTAwMTg0ZTIxM2Rj2AIG4AIB&ucfs=1&arphpl=1&group_adults=2&req_adults=2&no_rooms=1&group_children=0&req_children=0&hpos=5&hapos=5&sr_order=popularity&srpvid=3e4651429b3a006b&srepoch=1726054405&from=searchresults,"Featuring a garden, private pool and pool views, Chambre privé avec piscine, parking et cuisine prive is located in Marseille. ",43.37302680,5.36594260
84,Marseille,ibis budget Marseille Vieux Port,"7,4",https://www.booking.com/hotel/fr/etap-marseille-vieux-port.fr.html?aid=304142&label=gen173nr-1FCAEoggI46AdIM1gEaE2IAQGYAQm4ARfIAQ_YAQHoAQH4AQOIAgGoAgO4AoOAhrcGwAIB0gIkZDU1ZjYwYzctM2QwZS00MGQ2LWFiNzMtNTAwMTg0ZTIxM2Rj2AIG4AIB&ucfs=1&arphpl=1&group_adults=2&req_adults=2&no_rooms=1&group_children=0&req_children=0&hpos=9&hapos=9&sr_order=popularity&srpvid=3e4651429b3a006b&srepoch=1726054405&from_sustainable_property_sr=1&from=searchresults,"Situé en plein coeur de Marseille, l'ibis Budget Marseille Vieux Port affiche une façade du XIVe siècle et possède un bar à cocktails. ",43.29220856,5.37355497
85,Marseille,Appartement avec terrasse authentique à Marseille,,https://www.booking.com/hotel/fr/cosy-apt-avec-terrasse-plein-air.fr.html?aid=304142&label=gen173nr-1FCAEoggI46AdIM1gEaE2IAQGYAQm4ARfIAQ_YAQHoAQH4AQOIAgGoAgO4AoOAhrcGwAIB0gIkZDU1ZjYwYzctM2QwZS00MGQ2LWFiNzMtNTAwMTg0ZTIxM2Rj2AIG4AIB&ucfs=1&arphpl=1&group_adults=2&req_adults=2&no_rooms=1&group_children=0&req_children=0&hpos=4&hapos=4&sr_order=popularity&srpvid=3e4651429b3a006b&srepoch=1726054405&from=searchresults,"Situated in Marseille, less than 1 km from Castellane Metro Station and a 11-minute walk from La Timone Metro Station, Appartement avec terrasse authentique à Marseille features air-conditioned...",43.28986370,5.39076630
86,Marseille,B&B HOTEL Marseille Prado Parc des Expositions,"7,4",https://www.booking.com/hotel/fr/ibis-marseille-prado-velodrome.fr.html?aid=304142&label=gen173nr-1FCAEoggI46AdIM1gEaE2IAQGYAQm4ARfIAQ_YAQHoAQH4AQOIAgGoAgO4AoOAhrcGwAIB0gIkZDU1ZjYwYzctM2QwZS00MGQ2LWFiNzMtNTAwMTg0ZTIxM2Rj2AIG4AIB&ucfs=1&arphpl=1&group_adults=2&req_adults=2&no_rooms=1&group_children=0&req_children=0&hpos=6&hapos=6&sr_order=popularity&srpvid=3e4651429b3a006b&srepoch=1726054405&from=searchresults,"Situé à Marseille, à 3 km de la plage du Prado Nord, le B&B HOTEL Marseille Prado Parc des Expositions offre une vue sur le jardin. ",43.27951389,5.38918138
87,Marseille,Marseille City Chambres&Appartements,"9,3",https://www.booking.com/hotel/fr/marseillecity-chambre-d-ha-tes-dans-un-loft.fr.html?aid=304142&label=gen173nr-1FCAEoggI46AdIM1gEaE2IAQGYAQm4ARfIAQ_YAQHoAQH4AQOIAgGoAgO4AoOAhrcGwAIB0gIkZDU1ZjYwYzctM2QwZS00MGQ2LWFiNzMtNTAwMTg0ZTIxM2Rj2AIG4AIB&ucfs=1&arphpl=1&group_adults=2&req_adults=2&no_rooms=1&group_children=0&req_children=0&hpos=3&hapos=3&sr_order=popularity&srpvid=3e4651429b3a006b&srepoch=1726054405&from_sustainable_property_sr=1&from=searchresults,"Le Marseille City Chambres&Appartements propose des chambres et des appartements situés à 10 minutes à pied du Vieux-Port de Marseille et de Saint-Charles, la principale gare ferroviaire. ",43.30195653,5.37229434
88,Collioure,Le Madeloc Hôtel & Spa,"9,0",https://www.booking.com/hotel/fr/madeloc.fr.html?aid=304142&label=gen173nr-1FCAEoggI46AdIM1gEaE2IAQGYAQm4ARfIAQ_YAQHoAQH4AQOIAgGoAgO4AoOAhrcGwAIB0gIkZDU1ZjYwYzctM2QwZS00MGQ2LWFiNzMtNTAwMTg0ZTIxM2Rj2AIG4AIB&ucfs=1&arphpl=1&group_adults=2&req_adults=2&no_rooms=1&group_children=0&req_children=0&hpos=1&hapos=1&sr_order=popularity&srpvid=f67a5142d98901c5&srepoch=1726054405&from_sustainable_property_sr=1&from=searchresults,Le Madeloc Hôtel & Spa se trouve à 500 mètres du centre-ville de Collioure et à 10 minutes à pied de la plage. ,42.52876467,3.07865426
89,Marseille,Appart'City Classic Marseille Euromed,"7,3",https://www.booking.com/hotel/fr/appart-city-marseille-euromed.fr.html?aid=304142&label=gen173nr-1FCAEoggI46AdIM1gEaE2IAQGYAQm4ARfIAQ_YAQHoAQH4AQOIAgGoAgO4AoOAhrcGwAIB0gIkZDU1ZjYwYzctM2QwZS00MGQ2LWFiNzMtNTAwMTg0ZTIxM2Rj2AIG4AIB&ucfs=1&arphpl=1&group_adults=2&req_adults=2&no_rooms=1&group_children=0&req_children=0&hpos=2&hapos=2&sr_order=popularity&srpvid=3e4651429b3a006b&srepoch=1726054405&from_sustainable_property_sr=1&from=searchresults,,43.31481320,5.36946510
90,Marseille,Hôtel Hermès,"8,2",https://www.booking.com/hotel/fr/hermes.fr.html?aid=304142&label=gen173nr-1FCAEoggI46AdIM1gEaE2IAQGYAQm4ARfIAQ_YAQHoAQH4AQOIAgGoAgO4AoOAhrcGwAIB0gIkZDU1ZjYwYzctM2QwZS00MGQ2LWFiNzMtNTAwMTg0ZTIxM2Rj2AIG4AIB&ucfs=1&arphpl=1&group_adults=2&req_adults=2&no_rooms=1&group_children=0&req_children=0&hpos=1&hapos=1&sr_order=popularity&srpvid=3e4651429b3a006b&srepoch=1726054405&from=searchresults,"L'hôtel Hermès se situe à seulement 35 mètres du Vieux-Port, dans le centre de Marseille. Il dispose d'une connexion Wi-Fi gratuite et d'un toit-terrasse avec vue panoramique sur le port et la ville. ",43.29655283,5.37188329
91,Aigues Mortes,Gîte de la cave,,https://www.booking.com/hotel/fr/gite-de-la-cave.fr.html?aid=304142&label=gen173nr-1FCAEoggI46AdIM1gEaE2IAQGYAQm4ARfIAQ_YAQHoAQH4AQOIAgGoAgO4AoOAhrcGwAIB0gIkZDU1ZjYwYzctM2QwZS00MGQ2LWFiNzMtNTAwMTg0ZTIxM2Rj2AIG4AIB&ucfs=1&arphpl=1&group_adults=2&req_adults=2&no_rooms=1&group_children=0&req_children=0&hpos=25&hapos=25&sr_order=popularity&srpvid=a0715142b2e10a66&srepoch=1726054405&from=searchresults,"Gîte de la cave is located in Aigues-Mortes, 25 km from Montpellier Arena, 25 km from Parc des Expositions de Montpellier, and 29 km from Zenith Sud Montpellier. ",43.58142090,4.20521879
92,Aigues Mortes,"Hôtel-Restaurant ""Chez Carrière""","8,6",https://www.booking.com/hotel/fr/restaurant-quot-chez-carriere-quot.fr.html?aid=304142&label=gen173nr-1FCAEoggI46AdIM1gEaE2IAQGYAQm4ARfIAQ_YAQHoAQH4AQOIAgGoAgO4AoOAhrcGwAIB0gIkZDU1ZjYwYzctM2QwZS00MGQ2LWFiNzMtNTAwMTg0ZTIxM2Rj2AIG4AIB&ucfs=1&arphpl=1&group_adults=2&req_adults=2&no_rooms=1&group_children=0&req_children=0&hpos=24&hapos=24&sr_order=popularity&srpvid=a0715142b2e10a66&srepoch=1726054405&from=searchresults,"L'Hôtel-Restaurant ""Chez Carrière"" est situé à Aigues-Mortes. Cet hôtel dispose d'une connexion Wi-Fi gratuite et d'une terrasse. Vous séjournerez dans le quartier médiéval d'Aigues-Mortes. ",43.56651351,4.19115815
93,Aigues Mortes,La maison blanche Intra-Muros Free parking,"9,8",https://www.booking.com/hotel/fr/bienvenue-chez-juliette.fr.html?aid=304142&label=gen173nr-1FCAEoggI46AdIM1gEaE2IAQGYAQm4ARfIAQ_YAQHoAQH4AQOIAgGoAgO4AoOAhrcGwAIB0gIkZDU1ZjYwYzctM2QwZS00MGQ2LWFiNzMtNTAwMTg0ZTIxM2Rj2AIG4AIB&ucfs=1&arphpl=1&group_adults=2&req_adults=2&no_rooms=1&group_children=0&req_children=0&hpos=22&hapos=22&sr_order=popularity&srpvid=a0715142b2e10a66&srepoch=1726054405&from=searchresults,"Doté d'un jardin, l'établissement La maison blanche Intra-Muros Free parking, est situé à Aigues-Mortes, à 24 km du parc des expositions de Montpellier, à 29 km du Zénith Sud Montpellier et du centre...",43.56452313,4.19255555
94,Aigues Mortes,B&B La Terre Brûlée,"9,1",https://www.booking.com/hotel/fr/b-amp-b-la-terre-brulee.fr.html?aid=304142&label=gen173nr-1FCAEoggI46AdIM1gEaE2IAQGYAQm4ARfIAQ_YAQHoAQH4AQOIAgGoAgO4AoOAhrcGwAIB0gIkZDU1ZjYwYzctM2QwZS00MGQ2LWFiNzMtNTAwMTg0ZTIxM2Rj2AIG4AIB&ucfs=1&arphpl=1&group_adults=2&req_adults=2&no_rooms=1&group_children=0&req_children=0&hpos=23&hapos=23&sr_order=popularity&srpvid=a0715142b2e10a66&srepoch=1726054405&from=searchresults,"Situé à Aigues-Mortes, le B&B La Terre Brûlée dispose d'une piscine privée et offre une vue sur la piscine. Vous bénéficierez gratuitement d'un parking privé et d'une connexion Wi-Fi. ",43.56197612,4.20767969
95,Aigues Mortes,Aigues-Mortes villa prés des remparts,"8,2",https://www.booking.com/hotel/fr/aigues-mortes-villa-pres-des-remparts.fr.html?aid=304142&label=gen173nr-1FCAEoggI46AdIM1gEaE2IAQGYAQm4ARfIAQ_YAQHoAQH4AQOIAgGoAgO4AoOAhrcGwAIB0gIkZDU1ZjYwYzctM2QwZS00MGQ2LWFiNzMtNTAwMTg0ZTIxM2Rj2AIG4AIB&ucfs=1&arphpl=1&group_adults=2&req_adults=2&no_rooms=1&group_children=0&req_children=0&hpos=21&hapos=21&sr_order=popularity&srpvid=a0715142b2e10a66&srepoch=1726054405&from=searchresults,"Aigues-Mortes villa prés des rempartsDoté d'un jardin, l'établissement est situé à Aigues-Mortes, à 23 km du parc des expositions de Montpellier, à 27 km du Zénith Sud Montpellier et à 28 km du centre...",43.57176400,4.18672710
96,Aigues Mortes,Résidence Odalys Le Mas des Flamants,"8,2",https://www.booking.com/hotel/fr/residence-le-mas-des-flamants.fr.html?aid=304142&label=gen173nr-1FCAEoggI46AdIM1gEaE2IAQGYAQm4ARfIAQ_YAQHoAQH4AQOIAgGoAgO4AoOAhrcGwAIB0gIkZDU1ZjYwYzctM2QwZS00MGQ2LWFiNzMtNTAwMTg0ZTIxM2Rj2AIG4AIB&ucfs=1&arphpl=1&group_adults=2&req_adults=2&no_rooms=1&group_children=0&req_children=0&hpos=18&hapos=18&sr_order=popularity&srpvid=a0715142b2e10a66&srepoch=1726054405&from_sustainable_property_sr=1&from=searchresults,"Située à l'extérieur des fortifications d'Aigues-Mortes, sur les rives du Vidourle, la Résidence Odalys Le Mas des Flamants possède une piscine et des pataugeoires. ",43.57379435,4.18062186
97,Aigues Mortes,Maison Arthur,"9,0",https://www.booking.com/hotel/fr/maison-arthur.fr.html?aid=304142&label=gen173nr-1FCAEoggI46AdIM1gEaE2IAQGYAQm4ARfIAQ_YAQHoAQH4AQOIAgGoAgO4AoOAhrcGwAIB0gIkZDU1ZjYwYzctM2QwZS00MGQ2LWFiNzMtNTAwMTg0ZTIxM2Rj2AIG4AIB&ucfs=1&arphpl=1&group_adults=2&req_adults=2&no_rooms=1&group_children=0&req_children=0&hpos=20&hapos=20&sr_order=popularity&srpvid=a0715142b2e10a66&srepoch=1726054405&from=searchresults,"Située à Aigues-Mortes, à seulement 24 km de la salle omnisports Montpellier Arena, la Maison Arthur propose des hébergements offrant une vue calme sur la rue. ",43.56594280,4.19240000
98,Aigues Mortes,Ô 36 Rempart Sud B&B,"9,1",https://www.booking.com/hotel/fr/o-36-rempart-sud.fr.html?aid=304142&label=gen173nr-1FCAEoggI46AdIM1gEaE2IAQGYAQm4ARfIAQ_YAQHoAQH4AQOIAgGoAgO4AoOAhrcGwAIB0gIkZDU1ZjYwYzctM2QwZS00MGQ2LWFiNzMtNTAwMTg0ZTIxM2Rj2AIG4AIB&ucfs=1&arphpl=1&group_adults=2&req_adults=2&no_rooms=1&group_children=0&req_children=0&hpos=17&hapos=17&sr_order=popularity&srpvid=a0715142b2e10a66&srepoch=1726054405&from=searchresults,"Offrant une vue sur la ville, l'Ô 36 Rempart Sud B&B est situé à Aigues-Mortes, à 24 km du parc des expositions de Montpellier et à 28 km du Zénith Sud Montpellier. ",43.56576400,4.18875700
99,Aigues Mortes,le dit vin secret,"8,5",https://www.booking.com/hotel/fr/le-dit-vin-secret.fr.html?aid=304142&label=gen173nr-1FCAEoggI46AdIM1gEaE2IAQGYAQm4ARfIAQ_YAQHoAQH4AQOIAgGoAgO4AoOAhrcGwAIB0gIkZDU1ZjYwYzctM2QwZS00MGQ2LWFiNzMtNTAwMTg0ZTIxM2Rj2AIG4AIB&ucfs=1&arphpl=1&group_adults=2&req_adults=2&no_rooms=1&group_children=0&req_children=0&hpos=16&hapos=16&sr_order=popularity&srpvid=a0715142b2e10a66&srepoch=1726054405&from=searchresults,"Situé à Aigues-Mortes, à moins de 24 km de la salle omnisports Montpellier Arena et du parc des expositions de Montpellier, le dit vin secret propose des chambres climatisées avec salle de bains...",43.56676900,4.18911300
100,Aigues Mortes,Hôtel Saint Louis,"8,4",https://www.booking.com/hotel/fr/saint-louis-aigues-mortes.fr.html?aid=304142&label=gen173nr-1FCAEoggI46AdIM1gEaE2IAQGYAQm4ARfIAQ_YAQHoAQH4AQOIAgGoAgO4AoOAhrcGwAIB0gIkZDU1ZjYwYzctM2QwZS00MGQ2LWFiNzMtNTAwMTg0ZTIxM2Rj2AIG4AIB&ucfs=1&arphpl=1&group_adults=2&req_adults=2&no_rooms=1&group_children=0&req_children=0&hpos=19&hapos=19&sr_order=popularity&srpvid=a0715142b2e10a66&srepoch=1726054405&from_sustainable_property_sr=1&from=searchresults,"Situé dans le coeur historique d'Aigues-Mortes, à 200 mètres de la Tour de Constance, l'Hôtel Saint Louis est un hôtel climatisé doté d'un centre de bien-être et d'un restaurant. ",43.56721967,4.18934360
101,Aigues Mortes,"Charme intra-muros, P2 de 50m² + parking gratuit","8,8",https://www.booking.com/hotel/fr/charme-intra-muros-p2-de-50m2-parking-gratuit.fr.html?aid=304142&label=gen173nr-1FCAEoggI46AdIM1gEaE2IAQGYAQm4ARfIAQ_YAQHoAQH4AQOIAgGoAgO4AoOAhrcGwAIB0gIkZDU1ZjYwYzctM2QwZS00MGQ2LWFiNzMtNTAwMTg0ZTIxM2Rj2AIG4AIB&ucfs=1&arphpl=1&group_adults=2&req_adults=2&no_rooms=1&group_children=0&req_children=0&hpos=14&hapos=14&sr_order=popularity&srpvid=a0715142b2e10a66&srepoch=1726054405&from=searchresults,"Offrant une vue sur le casino et la ville, Charme intra-muros, P2 de 50m2 + Le parking gratuit est situé à Aigues-Mortes, à 24 km du parc des expositions de Montpellier et à 28 km du Zénith Sud...",43.56672230,4.19055000
102,Aigues Mortes,Mas de Constance 3pieces standing,"9,5",https://www.booking.com/hotel/fr/mas-de-constance-3pieces-standing.fr.html?aid=304142&label=gen173nr-1FCAEoggI46AdIM1gEaE2IAQGYAQm4ARfIAQ_YAQHoAQH4AQOIAgGoAgO4AoOAhrcGwAIB0gIkZDU1ZjYwYzctM2QwZS00MGQ2LWFiNzMtNTAwMTg0ZTIxM2Rj2AIG4AIB&ucfs=1&arphpl=1&group_adults=2&req_adults=2&no_rooms=1&group_children=0&req_children=0&hpos=12&hapos=12&sr_order=popularity&srpvid=a0715142b2e10a66&srepoch=1726054405&from=searchresults,"Situé à Aigues-Mortes, le Mas de Constance 3pieces standing propose des hébergements avec une piscine privée, une connexion Wi-Fi et un parking privé gratuits. ",43.57211540,4.18652590
103,Aigues Mortes,Résidence Odalys Fleur de Sel,"8,4",https://www.booking.com/hotel/fr/residence-odalys-fleur-de-sel.fr.html?aid=304142&label=gen173nr-1FCAEoggI46AdIM1gEaE2IAQGYAQm4ARfIAQ_YAQHoAQH4AQOIAgGoAgO4AoOAhrcGwAIB0gIkZDU1ZjYwYzctM2QwZS00MGQ2LWFiNzMtNTAwMTg0ZTIxM2Rj2AIG4AIB&ucfs=1&arphpl=1&group_adults=2&req_adults=2&no_rooms=1&group_children=0&req_children=0&hpos=15&hapos=15&sr_order=popularity&srpvid=a0715142b2e10a66&srepoch=1726054405&from_sustainable_property_sr=1&from=searchresults,"Situé à Aigues-Mortes, à 5 minutes à pied du centre-ville historique, l'établissement Résidence Odalys Fleur de Sel dispose d'une piscine extérieure chauffée ouverte en saison. ",43.57409400,4.17924600
104,Aigues Mortes,Les suites du 17,"9,0",https://www.booking.com/hotel/fr/les-suites-du-17.fr.html?aid=304142&label=gen173nr-1FCAEoggI46AdIM1gEaE2IAQGYAQm4ARfIAQ_YAQHoAQH4AQOIAgGoAgO4AoOAhrcGwAIB0gIkZDU1ZjYwYzctM2QwZS00MGQ2LWFiNzMtNTAwMTg0ZTIxM2Rj2AIG4AIB&ucfs=1&arphpl=1&group_adults=2&req_adults=2&no_rooms=1&group_children=0&req_children=0&hpos=11&hapos=11&sr_order=popularity&srpvid=a0715142b2e10a66&srepoch=1726054405&from=searchresults,"Offrant une vue sur la cour intérieure, l'établissement Les suites du 17 propose un hébergement avec terrasse, à environ 24 km du parc des expositions de Montpellier. ",43.56622700,4.19112100
105,Aigues Mortes,Evasion,"9,1",https://www.booking.com/hotel/fr/evasion-aigues-mortes.fr.html?aid=304142&label=gen173nr-1FCAEoggI46AdIM1gEaE2IAQGYAQm4ARfIAQ_YAQHoAQH4AQOIAgGoAgO4AoOAhrcGwAIB0gIkZDU1ZjYwYzctM2QwZS00MGQ2LWFiNzMtNTAwMTg0ZTIxM2Rj2AIG4AIB&ucfs=1&arphpl=1&group_adults=2&req_adults=2&no_rooms=1&group_children=0&req_children=0&hpos=10&hapos=10&sr_order=popularity&srpvid=a0715142b2e10a66&srepoch=1726054405&from=searchresults,"Doté d'une piscine extérieure ouverte en saison et d'un jardin, l'Evasion est situé à Aigues-Mortes, à 23 km du parc des expositions de Montpellier, à 27 km du Zénith Sud Montpellier et à 28 km du...",43.57581000,4.18288100
106,Aigues Mortes,Appartements 3 étoiles terrasse ou patio intra-muros,"9,5",https://www.booking.com/hotel/fr/appartement-3-etoiles-terrasse-intra-muros.fr.html?aid=304142&label=gen173nr-1FCAEoggI46AdIM1gEaE2IAQGYAQm4ARfIAQ_YAQHoAQH4AQOIAgGoAgO4AoOAhrcGwAIB0gIkZDU1ZjYwYzctM2QwZS00MGQ2LWFiNzMtNTAwMTg0ZTIxM2Rj2AIG4AIB&ucfs=1&arphpl=1&group_adults=2&req_adults=2&no_rooms=1&group_children=0&req_children=0&hpos=9&hapos=9&sr_order=popularity&srpvid=a0715142b2e10a66&srepoch=1726054405&from=searchresults,"Appartements 3 étoiles terrasse ou patio intra-muros Situé à Aigues-Mortes, l'établissement Aigues-Mortes propose un hébergement réservé aux adultes avec un casino et un barbecue. ",43.56535840,4.19275020
107,Aigues Mortes,Maison des Croisades,"8,8",https://www.booking.com/hotel/fr/des-croisades.fr.html?aid=304142&label=gen173nr-1FCAEoggI46AdIM1gEaE2IAQGYAQm4ARfIAQ_YAQHoAQH4AQOIAgGoAgO4AoOAhrcGwAIB0gIkZDU1ZjYwYzctM2QwZS00MGQ2LWFiNzMtNTAwMTg0ZTIxM2Rj2AIG4AIB&ucfs=1&arphpl=1&group_adults=2&req_adults=2&no_rooms=1&group_children=0&req_children=0&hpos=13&hapos=13&sr_order=popularity&srpvid=a0715142b2e10a66&srepoch=1726054405&from_sustainable_property_sr=1&from=searchresults,"Située à Aigues-Mortes, la Maison des Croisades propose un service de location de vélos et un jardin. Il dispose d'une connexion Wi-Fi gratuite et d'une terrasse. ",43.56899740,4.18829820
108,Aigues Mortes,Chambre d'hôte Farniente,"9,2",https://www.booking.com/hotel/fr/chambre-d-39-hote-farniente.fr.html?aid=304142&label=gen173nr-1FCAEoggI46AdIM1gEaE2IAQGYAQm4ARfIAQ_YAQHoAQH4AQOIAgGoAgO4AoOAhrcGwAIB0gIkZDU1ZjYwYzctM2QwZS00MGQ2LWFiNzMtNTAwMTg0ZTIxM2Rj2AIG4AIB&ucfs=1&arphpl=1&group_adults=2&req_adults=2&no_rooms=1&group_children=0&req_children=0&hpos=8&hapos=8&sr_order=popularity&srpvid=a0715142b2e10a66&srepoch=1726054405&from=searchresults,"Située à 24 km de la salle omnisports Montpellier Arena, la Chambre d'hôte Farniente propose un hébergement avec une terrasse et une connexion Wi-Fi gratuite. ",43.56761513,4.19335402
109,Aigues Mortes,Noemys Aigues-Mortes - Hotel avec piscine,"7,4",https://www.booking.com/hotel/fr/le-royal-hotel-aigues-mortes.fr.html?aid=304142&label=gen173nr-1FCAEoggI46AdIM1gEaE2IAQGYAQm4ARfIAQ_YAQHoAQH4AQOIAgGoAgO4AoOAhrcGwAIB0gIkZDU1ZjYwYzctM2QwZS00MGQ2LWFiNzMtNTAwMTg0ZTIxM2Rj2AIG4AIB&ucfs=1&arphpl=1&group_adults=2&req_adults=2&no_rooms=1&group_children=0&req_children=0&hpos=7&hapos=7&sr_order=popularity&srpvid=a0715142b2e10a66&srepoch=1726054405&from_sustainable_property_sr=1&from=searchresults,"Doté d'une connexion Wi-Fi gratuite et d'une piscine extérieure ouverte en saison, le Noemys Aigues-Mortes - ex Mona Lisa Royal Hôtel se trouve à Aigues-Mortes, à 15 minutes de route du parc naturel...",43.57639589,4.19781804
110,Aigues Mortes,La Villa Mazarin,"9,2",https://www.booking.com/hotel/fr/la-villa-mazarin.fr.html?aid=304142&label=gen173nr-1FCAEoggI46AdIM1gEaE2IAQGYAQm4ARfIAQ_YAQHoAQH4AQOIAgGoAgO4AoOAhrcGwAIB0gIkZDU1ZjYwYzctM2QwZS00MGQ2LWFiNzMtNTAwMTg0ZTIxM2Rj2AIG4AIB&ucfs=1&arphpl=1&group_adults=2&req_adults=2&no_rooms=1&group_children=0&req_children=0&hpos=5&hapos=5&sr_order=popularity&srpvid=a0715142b2e10a66&srepoch=1726054405&from=searchresults,"La Villa Mazarin vous accueille dans un bâtiment datant du XVe siècle, dans la ville fortifiée d'Aigues-Mortes. Sur place, vous profiterez d'une terrasse et d'un bar. ",43.56498662,4.19175196
111,Aigues Mortes,Hôtel Le Médiéval,"8,7",https://www.booking.com/hotel/fr/le-medieval.fr.html?aid=304142&label=gen173nr-1FCAEoggI46AdIM1gEaE2IAQGYAQm4ARfIAQ_YAQHoAQH4AQOIAgGoAgO4AoOAhrcGwAIB0gIkZDU1ZjYwYzctM2QwZS00MGQ2LWFiNzMtNTAwMTg0ZTIxM2Rj2AIG4AIB&ucfs=1&arphpl=1&group_adults=2&req_adults=2&no_rooms=1&group_children=0&req_children=0&hpos=6&hapos=6&sr_order=popularity&srpvid=a0715142b2e10a66&srepoch=1726054405&from_sustainable_property_sr=1&from=searchresults,"L'Hôtel Le Médiéval est situé sur les rives du canal d'Aigues-Mortes, à 30 km de Montpellier. ",43.57186625,4.19366169
112,Aigues Mortes,Au Coeur des Remparts,"9,9",https://www.booking.com/hotel/fr/au-coeur-des-remparts-aigues-mortes.fr.html?aid=304142&label=gen173nr-1FCAEoggI46AdIM1gEaE2IAQGYAQm4ARfIAQ_YAQHoAQH4AQOIAgGoAgO4AoOAhrcGwAIB0gIkZDU1ZjYwYzctM2QwZS00MGQ2LWFiNzMtNTAwMTg0ZTIxM2Rj2AIG4AIB&ucfs=1&arphpl=1&group_adults=2&req_adults=2&no_rooms=1&group_children=0&req_children=0&hpos=4&hapos=4&sr_order=popularity&srpvid=a0715142b2e10a66&srepoch=1726054405&from=searchresults,"Situé à Aigues-Mortes, à 24 km du parc des expositions de Montpellier et à 28 km du Zénith Sud Montpellier, l'établissement Au Coeur des Remparts propose la climatisation. ",43.56540100,4.19297300
113,Aigues Mortes,rez de chaussée studio climatisé dans villa,"8,5",https://www.booking.com/hotel/fr/studio-dans-villa.fr.html?aid=304142&label=gen173nr-1FCAEoggI46AdIM1gEaE2IAQGYAQm4ARfIAQ_YAQHoAQH4AQOIAgGoAgO4AoOAhrcGwAIB0gIkZDU1ZjYwYzctM2QwZS00MGQ2LWFiNzMtNTAwMTg0ZTIxM2Rj2AIG4AIB&ucfs=1&arphpl=1&group_adults=2&req_adults=2&no_rooms=1&group_children=0&req_children=0&hpos=3&hapos=3&sr_order=popularity&srpvid=a0715142b2e10a66&srepoch=1726054405&from=searchresults,"Situé à Aigues-Mortes, à 24 km de la salle omnisports Montpellier Arena et du parc des expositions de Montpellier, le rez de chaussée studio climatisé dans villa dispose d'un jardin et de la...",43.57116370,4.19760960
114,Aigues Mortes,La Maison de Lyna,"9,1",https://www.booking.com/hotel/fr/la-maison-de-lyna.fr.html?aid=304142&label=gen173nr-1FCAEoggI46AdIM1gEaE2IAQGYAQm4ARfIAQ_YAQHoAQH4AQOIAgGoAgO4AoOAhrcGwAIB0gIkZDU1ZjYwYzctM2QwZS00MGQ2LWFiNzMtNTAwMTg0ZTIxM2Rj2AIG4AIB&ucfs=1&arphpl=1&group_adults=2&req_adults=2&no_rooms=1&group_children=0&req_children=0&hpos=2&hapos=2&sr_order=popularity&srpvid=a0715142b2e10a66&srepoch=1726054405&from=searchresults,"Situé à Aigues-Mortes, à 24 km de la salle omnisports Montpellier Arena et du parc des expositions de Montpellier, l'établissement La Maison de Lyna propose des hébergements avec connexion Wi-Fi...",43.56601750,4.19235320
115,Aigues Mortes,Hotel Canal Aigues Mortes,"8,6",https://www.booking.com/hotel/fr/canal-aigues-mortes.fr.html?aid=304142&label=gen173nr-1FCAEoggI46AdIM1gEaE2IAQGYAQm4ARfIAQ_YAQHoAQH4AQOIAgGoAgO4AoOAhrcGwAIB0gIkZDU1ZjYwYzctM2QwZS00MGQ2LWFiNzMtNTAwMTg0ZTIxM2Rj2AIG4AIB&ucfs=1&arphpl=1&group_adults=2&req_adults=2&no_rooms=1&group_children=0&req_children=0&hpos=1&hapos=1&sr_order=popularity&srpvid=a0715142b2e10a66&srepoch=1726054405&from_sustainable_property_sr=1&from=searchresults,"L'hôtel Canal Aigues Mortes vous accueille sur les rives du canal, à 5 minutes à pied de la ville fortifiée. Vous pourrez profiter d'une vue sur le canal depuis sa terrasse panoramique et sa piscine. ",43.57298752,4.19482470
116,Nimes,Le Grand Hôtel Dieu by SOWELL COLLECTION,,https://www.booking.com/hotel/fr/le-grand-nimes.fr.html?aid=304142&label=gen173nr-1FCAEoggI46AdIM1gEaE2IAQGYAQm4ARfIAQ_YAQHoAQH4AQOIAgGoAgO4AoOAhrcGwAIB0gIkZDU1ZjYwYzctM2QwZS00MGQ2LWFiNzMtNTAwMTg0ZTIxM2Rj2AIG4AIB&ucfs=1&arphpl=1&group_adults=2&req_adults=2&no_rooms=1&group_children=0&req_children=0&hpos=9&hapos=9&sr_order=popularity&srpvid=5c2a5142386a050d&srepoch=1726054405&from=searchresults,"Set in Nîmes and with Parc Expo Nîmes reachable within 2.2 km, Le Grand Hôtel Dieu by SOWELL COLLECTION offers concierge services, non-smoking rooms, a terrace, free WiFi throughout the property and a...",43.83226873,4.35777750
117,Nimes,Hotel Majestic,"8,4",https://www.booking.com/hotel/fr/majestic-nimes.fr.html?aid=304142&label=gen173nr-1FCAEoggI46AdIM1gEaE2IAQGYAQm4ARfIAQ_YAQHoAQH4AQOIAgGoAgO4AoOAhrcGwAIB0gIkZDU1ZjYwYzctM2QwZS00MGQ2LWFiNzMtNTAwMTg0ZTIxM2Rj2AIG4AIB&ucfs=1&arphpl=1&group_adults=2&req_adults=2&no_rooms=1&group_children=0&req_children=0&hpos=8&hapos=8&sr_order=popularity&srpvid=5c2a5142386a050d&srepoch=1726054405&from_sustainable_property_sr=1&from=searchresults,"Rénové en 2019, l'Hotel Majestic est situé à Nîmes, à seulement 320 mètres des arènes et du centre-ville de Nîmes. ",43.83436329,4.36533675
118,Nimes,"Clos Mahistre, Studio 4 étoiles, clim & piscine",,https://www.booking.com/hotel/fr/clos-mahistre-studio-4-etoiles-clim-amp-piscine.fr.html?aid=304142&label=gen173nr-1FCAEoggI46AdIM1gEaE2IAQGYAQm4ARfIAQ_YAQHoAQH4AQOIAgGoAgO4AoOAhrcGwAIB0gIkZDU1ZjYwYzctM2QwZS00MGQ2LWFiNzMtNTAwMTg0ZTIxM2Rj2AIG4AIB&ucfs=1&arphpl=1&group_adults=2&req_adults=2&no_rooms=1&group_children=0&req_children=0&hpos=4&hapos=4&sr_order=popularity&srpvid=5c2a5142386a050d&srepoch=1726054405&from=searchresults,"Set in Nîmes, Clos Mahistre, Studio 4 étoiles, clim & piscine offers accommodation with private pool, free WiFi and free private parking for guests who drive. ",43.82927780,4.31157810
119,Nimes,"Nimes , appartement rénové dans immeuble classé.","9,1",https://www.booking.com/hotel/fr/nimes-appartement-renove-dans-immeuble-classe.fr.html?aid=304142&label=gen173nr-1FCAEoggI46AdIM1gEaE2IAQGYAQm4ARfIAQ_YAQHoAQH4AQOIAgGoAgO4AoOAhrcGwAIB0gIkZDU1ZjYwYzctM2QwZS00MGQ2LWFiNzMtNTAwMTg0ZTIxM2Rj2AIG4AIB&ucfs=1&arphpl=1&group_adults=2&req_adults=2&no_rooms=1&group_children=0&req_children=0&hpos=7&hapos=7&sr_order=popularity&srpvid=5c2a5142386a050d&srepoch=1726054405&from=searchresults,"Situé dans le centre de Nîmes, à seulement 13 km du parc des expositions et à 34 km de l'amphithéâtre d'Arles, l'appartement rénové dans immeuble classé. ",43.84000420,4.36231400
120,Nimes,Appart'City Collection Nîmes Arènes,"8,7",https://www.booking.com/hotel/fr/appart-39-city-nimes.fr.html?aid=304142&label=gen173nr-1FCAEoggI46AdIM1gEaE2IAQGYAQm4ARfIAQ_YAQHoAQH4AQOIAgGoAgO4AoOAhrcGwAIB0gIkZDU1ZjYwYzctM2QwZS00MGQ2LWFiNzMtNTAwMTg0ZTIxM2Rj2AIG4AIB&ucfs=1&arphpl=1&group_adults=2&req_adults=2&no_rooms=1&group_children=0&req_children=0&hpos=6&hapos=6&sr_order=popularity&srpvid=5c2a5142386a050d&srepoch=1726054405&from_sustainable_property_sr=1&from=searchresults,,43.83387353,4.36143396
121,Nimes,Agréable appartement P2 Centre ville au calme.,"8,6",https://www.booking.com/hotel/fr/agreable-appartement-p2-centre-ville-au-calme.fr.html?aid=304142&label=gen173nr-1FCAEoggI46AdIM1gEaE2IAQGYAQm4ARfIAQ_YAQHoAQH4AQOIAgGoAgO4AoOAhrcGwAIB0gIkZDU1ZjYwYzctM2QwZS00MGQ2LWFiNzMtNTAwMTg0ZTIxM2Rj2AIG4AIB&ucfs=1&arphpl=1&group_adults=2&req_adults=2&no_rooms=1&group_children=0&req_children=0&hpos=5&hapos=5&sr_order=popularity&srpvid=5c2a5142386a050d&srepoch=1726054405&from=searchresults,"Offrant une vue sur le jardin, l'Agréable appartement P2 Centre ville au calme. Il est situé à Nîmes, à 35 km de l'amphithéâtre d'Arles et à 43 km de la gare centrale d'Avignon. ",43.83799940,4.37090630
122,Nimes,B&B HOTEL Nîmes Centre Arènes,"7,7",https://www.booking.com/hotel/fr/b-amp-b-nimes-centre-ville.fr.html?aid=304142&label=gen173nr-1FCAEoggI46AdIM1gEaE2IAQGYAQm4ARfIAQ_YAQHoAQH4AQOIAgGoAgO4AoOAhrcGwAIB0gIkZDU1ZjYwYzctM2QwZS00MGQ2LWFiNzMtNTAwMTg0ZTIxM2Rj2AIG4AIB&ucfs=1&arphpl=1&group_adults=2&req_adults=2&no_rooms=1&group_children=0&req_children=0&hpos=2&hapos=2&sr_order=popularity&srpvid=5c2a5142386a050d&srepoch=1726054405&from_sustainable_property_sr=1&from=searchresults,,43.82816140,4.35479020
123,Nimes,Odalys City Nîmes Arènes,"8,6",https://www.booking.com/hotel/fr/odalys-city-nimes-arenes.fr.html?aid=304142&label=gen173nr-1FCAEoggI46AdIM1gEaE2IAQGYAQm4ARfIAQ_YAQHoAQH4AQOIAgGoAgO4AoOAhrcGwAIB0gIkZDU1ZjYwYzctM2QwZS00MGQ2LWFiNzMtNTAwMTg0ZTIxM2Rj2AIG4AIB&ucfs=1&arphpl=1&group_adults=2&req_adults=2&no_rooms=1&group_children=0&req_children=0&hpos=3&hapos=3&sr_order=popularity&srpvid=5c2a5142386a050d&srepoch=1726054405&from_sustainable_property_sr=1&from=searchresults,"Situé à Nîmes, à 33 km de l'amphithéâtre d'Arles, l'Odalys City Nîmes Arènes propose un hébergement avec accès à un hammam et à une salle de sport. ",43.83406187,4.35899065
124,Nimes,SQUARE HOTEL,"8,7",https://www.booking.com/hotel/fr/square-nimes.fr.html?aid=304142&label=gen173nr-1FCAEoggI46AdIM1gEaE2IAQGYAQm4ARfIAQ_YAQHoAQH4AQOIAgGoAgO4AoOAhrcGwAIB0gIkZDU1ZjYwYzctM2QwZS00MGQ2LWFiNzMtNTAwMTg0ZTIxM2Rj2AIG4AIB&ucfs=1&arphpl=1&group_adults=2&req_adults=2&no_rooms=1&group_children=0&req_children=0&hpos=1&hapos=1&sr_order=popularity&srpvid=5c2a5142386a050d&srepoch=1726054405&from_sustainable_property_sr=1&from=searchresults,"Situé à Nîmes, à moins de 13 km du parc des expositions, le SQUARE HOTEL propose un salon commun, des chambres non-fumeurs, une connexion Wi-Fi gratuite dans l'ensemble de ses locaux et une terrasse. ",43.83703200,4.36303700
